82	1195.2000	1796.6000
83	1603.3000	1795.7000
84	1547.7000	1794.5000
85	1295.5000	1803.5000
86	1536.3000	1798.8000
87	1741.1000	1797.7000
88	1685.8000	1796.9000
89	1735.9000	1798.9000
90	1720.7000	1797.0000
136	4530.5000	5805.1000
137	4411.1000	5780.7000
138	4400.4000	5834.3000
139	4571.7000	5807.1000
140	4584.5000	5789.4000
141	4572.7000	5778.0000
142	4792.4000	5730.0000
143	4624.2000	5744.7000
144	4818.1000	5704.0000
704	1617.0000	1699.7000
705	1507.8000	1700.8000
706	1670.5000	1702.5000
710	1672.8000	1692.8000
711	1591.2000	1695.0000
785	1735.1000	1757.0000
841	1105.7000	1186.8000
842	1079.1000	1189.9000
844	834.7000	1192.1000
845	1170.2000	1192.4000
846	1126.8000	1191.0000
938	5725.0000	5974.3000
956	13129.6000	14791.3000
958	13868.3000	14151.7000
959	14100.6000	14835.7000
960	13947.6000	14710.2000
962	13527.2000	14747.1000
963	13734.0000	14527.4000
964	13454.9000	14709.5000
965	12821.5000	13719.0000
966	13150.6000	14773.4000
967	13559.8000	14009.4000
968	12615.8000	14817.2000
970	13458.2000	13907.4000
971	13251.6000	14263.3000
972	13432.2000	14555.2000
973	1721.1000	1808.9000
975	1662.2000	1811.8000
976	1445.5000	1812.8000
977	1718.3000	1809.9000
978	1631.1000	1809.2000
979	1664.3000	1810.2000
980	1528.1000	1809.1000
981	1411.9000	1809.1000
983	1754.4000	1851.7000
990	1769.4000	1844.8000
996	1855.4000	1884.2000
997	1821.3000	1870.2000
1000	2730.3000	3328.5000
1001	2712.1000	3342.3000
1002	2859.2000	3354.5000
1003	2713.6000	3364.0000
1004	2960.7000	3345.0000
1005	2610.3000	3354.9000
1006	2568.4000	3349.2000
1007	2872.1000	3339.7000
1008	2722.3000	3346.1000
1026	3386.4000	3401.6000
1027	7750.6000	9699.3000
1028	8140.7000	9761.4000
1029	8128.8000	9709.0000
1030	7448.9000	9750.8000
1031	7897.9000	9707.9000
1032	7656.4000	9742.4000
1033	8040.0000	9704.8000
1034	7596.8000	9709.2000
1035	7908.2000	9657.3000
1171	9379.9000	10115.2000
1172	9684.9000	10673.8000
1173	9670.6000	10062.7000
1175	10343.2000	10352.5000
1176	9985.5000	10095.2000
1177	10153.9000	10259.0000
1178	9770.8000	10248.7000
1185	9338.9000	9491.8000
1198	14180.1000	14626.8000
1199	14266.4000	14866.0000
1200	13603.7000	15007.3000
1201	13615.2000	14619.5000
1202	13393.9000	14341.9000
1203	14024.9000	14573.5000
1204	13855.6000	14865.8000
1205	13679.5000	14275.7000
1206	13146.0000	13894.5000
1207	13591.4000	14327.7000
1208	13758.5000	15172.7000
1209	12929.6000	15023.8000
1210	13879.8000	14803.0000
1211	13375.1000	14375.5000
1212	13652.4000	14779.9000
1213	13766.8000	14359.8000
1214	13808.0000	14019.0000
1243	2911.8000	3560.4000
1244	3173.5000	3558.9000
1245	2903.2000	3555.7000
1246	2808.8000	3557.6000
1247	2953.2000	3555.9000
1248	3302.4000	3560.1000
1249	2938.6000	3549.3000
1250	2835.9000	3558.1000
1251	2722.4000	3543.7000
1259	3654.5000	3719.0000
1263	3562.3000	3682.2000
1270	3416.0000	4478.0000
1271	3424.5000	4486.7000
1272	3612.1000	4481.5000
1273	3579.6000	4482.0000
1274	3447.3000	4490.1000
1275	3279.9000	4487.8000
1276	3306.0000	4497.1000
1277	3454.0000	4476.6000
1278	3636.2000	4488.2000
1324	1888.2000	2518.6000
1325	1876.0000	2521.6000
1326	2029.8000	2519.1000
1327	2031.1000	2517.4000
1328	1700.0000	2526.4000
1329	1630.9000	2519.6000
1330	2083.5000	2527.8000
1331	1897.0000	2523.6000
1332	2140.7000	2512.4000
1358	6793.5000	6832.9000
1366	11874.4000	12310.5000
1367	12170.5000	12318.1000
1371	11399.0000	11430.7000
1432	4134.3000	5498.3000
1433	4427.3000	5511.0000
1434	4935.5000	5533.8000
1435	4747.7000	5516.1000
1436	4403.2000	5492.6000
1437	4395.9000	5490.2000
1438	4167.9000	5496.0000
1439	4515.3000	5508.0000
1440	4802.3000	5520.4000
1451	8464.0000	9007.8000
1452	8698.1000	8912.4000
1457	8831.2000	9020.7000
1568	8036.7000	8078.4000
1576	13595.5000	14015.3000
1577	13246.3000	13294.6000
1578	12986.0000	13601.2000
1579	13670.5000	13814.6000
1580	13293.2000	14110.6000
1581	12912.9000	13211.5000
1582	12938.7000	13949.0000
1585	12729.5000	13246.7000
1586	12593.3000	12707.0000
1587	12445.0000	12568.2000
1588	12454.5000	12794.7000
1591	12090.9000	12358.9000
1592	12598.5000	12795.4000
1593	12850.1000	13362.1000
1603	15147.8000	16404.4000
1604	14658.7000	16675.1000
1605	15526.6000	16903.9000
1606	14735.4000	16297.8000
1607	14739.5000	16451.7000
1608	15446.8000	16481.0000
1609	14947.8000	16708.0000
1610	14900.6000	16880.5000
1611	15238.2000	16874.3000
1612	14985.3000	17293.6000
1613	15346.3000	16881.2000
1614	15331.3000	17378.8000
1615	16053.9000	17381.6000
1616	14726.6000	17009.3000
1617	14778.1000	17679.9000
1618	15982.7000	17273.2000
1619	15561.5000	17736.3000
1620	15599.1000	16928.5000
1687	11247.6000	12046.9000
2169	7474.9000	7526.0000
2170	10505.5000	12565.9000
2171	9697.0000	12661.1000
2172	10019.9000	13450.4000
2173	9597.2000	12355.4000
2174	10188.1000	12257.5000
2175	10661.0000	12257.0000
2176	10810.8000	11815.9000
2177	10149.9000	12911.4000
2178	10441.9000	11661.5000
2179	9325.1000	11087.2000
2180	9467.7000	10073.1000
2181	9218.1000	10882.3000
2182	9426.6000	10964.9000
2183	8657.7000	10230.6000
2184	8747.2000	10378.6000
2185	9076.2000	9774.9000
2186	8846.9000	11146.9000
2187	8886.7000	10386.9000
2253	11394.7000	11666.5000
2257	11577.0000	12868.5000
2258	11301.3000	11376.5000
2259	11036.0000	11603.9000
2262	11506.9000	11538.2000
2269	1685.8000	1698.4000
2272	1711.5000	1773.0000
2273	1678.7000	1695.6000
2274	1704.1000	1793.5000
2275	1686.2000	1729.7000
2296	2587.9000	3669.4000
2297	2741.6000	3513.3000
2298	2355.3000	3497.2000
2299	2684.2000	3687.6000
2300	2243.0000	3560.0000
2301	2115.2000	3489.1000
2302	2789.6000	3614.6000
2303	2568.2000	3568.2000
2304	2754.9000	3518.0000
2323	3837.1000	5123.1000
2324	3418.0000	5157.6000
2325	3855.2000	5130.4000
2326	3539.2000	5136.6000
2327	3918.0000	5499.6000
2328	4023.6000	5153.9000
2329	4142.8000	5066.7000
2330	3986.8000	5214.5000
2331	3576.4000	5635.3000
2386	6506.3000	6748.2000
2389	6304.2000	6782.7000
2392	6180.1000	7035.0000
2396	6444.7000	6468.5000
2399	7049.1000	7182.4000
2413	9976.3000	11213.3000
2414	9749.0000	11514.8000
2415	9495.3000	9933.1000
2416	9238.9000	10252.5000
2417	9459.4000	11102.1000
2418	10528.6000	10922.2000
2419	9215.7000	10859.9000
2420	9482.4000	11264.7000
2421	9177.6000	10885.8000
2422	9443.1000	12124.4000
2423	8999.7000	11335.1000
2424	10135.4000	12198.3000
2425	9696.1000	11321.7000
2426	9557.2000	10530.9000
2427	9987.9000	11161.3000
2428	9580.1000	10814.4000
2429	9623.3000	10656.7000
2430	9538.1000	12038.3000
2513	2070.2000	2213.2000
2515	2195.0000	2233.7000
2516	2001.3000	2035.8000
2517	1999.9000	2186.3000
2518	1967.9000	2242.2000
2520	2064.2000	2260.6000
2540	3623.3000	3838.1000
2541	3971.7000	4204.6000
2545	3580.2000	3938.3000
2546	3808.5000	4106.0000
2547	3788.2000	4108.7000
2566	4638.8000	7014.1000
2567	5156.5000	7312.0000
2568	5387.3000	7142.2000
2569	5195.1000	6690.3000
2570	4899.1000	7390.6000
2571	5096.3000	6933.1000
2572	4791.3000	6633.0000
2573	5156.8000	6898.2000
2574	4873.6000	6923.5000
2629	10233.4000	12633.6000
2630	10150.9000	12692.9000
2631	10082.0000	11197.6000
2632	10299.8000	14040.3000
2633	10073.2000	13027.0000
2634	10772.0000	13786.2000
2635	10106.5000	12911.5000
2636	10534.7000	12658.4000
2637	10509.5000	12724.0000
2638	10249.3000	12606.1000
2639	10789.1000	12184.3000
2640	9993.7000	12905.9000
2641	10605.1000	12613.1000
2642	10794.1000	13773.4000
2643	10302.0000	13689.3000
2644	9949.5000	12856.7000
2645	11791.7000	12791.0000
2646	9237.8000	12856.5000
2656	16804.0000	24517.9000
2657	16293.7000	24493.5000
2658	17101.0000	25136.6000
2659	17310.0000	26373.4000
2660	17137.8000	24540.3000
2661	17869.9000	25751.0000
2662	16546.8000	24313.7000
2663	16953.2000	24614.9000
2664	17396.2000	26520.3000
2665	15682.8000	21656.7000
2666	15791.2000	20014.1000
2667	17582.0000	17610.9000
2668	17007.2000	18850.5000
2669	15541.5000	17887.0000
2670	15434.3000	18305.9000
2671	14772.4000	21353.1000
2673	16031.8000	18487.1000
2736	2115.7000	2166.4000
2791	10547.4000	13582.6000
2792	10353.4000	14004.4000
2794	11026.2000	13833.5000
2795	10268.2000	13185.2000
2796	11191.9000	13014.7000
2797	10950.7000	12146.7000
2798	11270.6000	13378.4000
2799	11152.8000	13908.5000
2800	12608.2000	12917.2000
2801	10986.1000	12663.5000
2802	10793.6000	12554.1000
2803	10708.8000	13779.4000
2804	10751.7000	14200.3000
2805	11023.9000	13707.3000
2806	10854.1000	12360.1000
2807	11148.8000	12036.6000
2808	11215.9000	13372.5000
2818	11133.1000	14279.6000
2819	11284.6000	15710.4000
2820	10542.5000	14073.4000
2821	10590.8000	14525.8000
2822	11099.3000	15151.9000
2823	11315.8000	15292.4000
2824	11080.7000	14092.2000
2825	11763.0000	15229.2000
2826	11313.9000	13944.8000
2827	11090.7000	15045.5000
2828	11484.1000	15005.9000
2829	12034.1000	14855.8000
2830	11594.0000	15748.4000
2831	11550.6000	15953.4000
2832	11003.8000	15344.8000
2833	11315.6000	14704.7000
2834	11458.4000	14601.4000
2835	12200.0000	14683.4000
2836	3244.3000	3692.0000
2837	3900.0000	4171.9000
2838	3520.5000	4070.1000
2839	3525.8000	3873.4000
2840	3870.1000	3911.6000
2841	3763.7000	4055.9000
2843	3797.5000	4158.7000
2844	3576.3000	4179.3000
2851	5204.0000	5941.3000
2853	5809.0000	6543.5000
2860	5011.6000	5818.1000
2861	5371.6000	5762.7000
2862	6078.1000	6098.9000
2879	6274.0000	6834.0000
2881	6548.8000	6671.0000
2884	6590.5000	6611.1000
2886	6060.0000	6094.5000
2887	5929.5000	6311.4000
2889	5436.2000	6094.9000
2890	8968.0000	9092.6000
2892	8651.7000	9051.0000
2893	8482.5000	8526.0000
2900	11758.0000	12765.0000
2904	11609.5000	13058.3000
2907	12089.1000	13451.0000
2908	12527.9000	12843.1000
2910	11161.0000	13372.3000
2912	11447.8000	12289.7000
2915	11563.5000	12372.1000
2916	11116.9000	12160.1000
2944	1561.1000	1741.6000
2946	1409.5000	1696.8000
2947	1346.5000	1676.4000
2948	1633.0000	1715.5000
2949	1434.1000	1728.4000
2950	1248.6000	1668.6000
2951	1149.8000	1730.8000
2952	1209.1000	1686.8000
2953	1762.1000	1779.9000
2954	1782.6000	1930.9000
2956	1707.1000	1889.8000
2958	1753.3000	1805.7000
2959	1729.7000	1845.5000
2964	1575.4000	1877.4000
2965	1721.7000	1800.9000
2967	1839.9000	1854.6000
2968	1768.3000	1810.8000
2969	1840.3000	1849.7000
2971	2013.5000	2861.4000
2972	1950.5000	2866.9000
2973	1928.9000	2861.2000
2974	1856.1000	2857.0000
2975	1978.5000	2736.7000
2976	2150.0000	2726.7000
2977	2174.0000	2724.5000
2978	2121.1000	2765.1000
2979	1869.6000	2742.9000
2981	2590.3000	2920.5000
2983	2646.2000	3009.7000
2984	2782.1000	2857.6000
2985	2785.9000	2965.0000
2986	2758.3000	2986.0000
2988	2720.4000	2963.5000
2990	2813.7000	2858.5000
2991	2714.7000	3009.5000
2992	2685.7000	2798.9000
2994	2866.5000	2914.1000
2995	2762.1000	2792.6000
2996	2641.7000	2712.5000
2997	2690.3000	2821.3000
3034	13545.8000	14872.0000
3036	13278.2000	15452.3000
3037	13735.7000	15134.1000
3038	13329.8000	13923.3000
3039	13215.3000	14513.0000
3040	13481.9000	14299.0000
3041	12593.6000	14584.0000
3042	13005.9000	14484.6000
3043	13546.5000	14787.2000
3044	13773.4000	15402.0000
3047	13739.4000	14657.4000
3048	13492.6000	14226.7000
3049	13927.5000	14706.0000
3050	13373.9000	15144.6000
3051	12847.1000	14946.6000
3052	8523.9000	9501.6000
3053	9091.3000	10151.3000
3060	8798.4000	9770.8000
3061	16458.4000	20224.9000
3062	16579.5000	19396.7000
3063	15931.2000	19047.6000
3064	16419.3000	20306.2000
3065	16109.0000	21896.1000
3066	15879.6000	19916.6000
3067	17151.0000	20051.8000
3068	16607.9000	19507.6000
3069	16279.4000	20509.3000
3070	13620.1000	16226.4000
3071	13077.6000	16014.0000
3072	13020.6000	27819.7000
3073	13492.3000	27908.2000
3074	13429.5000	26862.2000
3075	13265.4000	25098.5000
3076	13987.3000	26834.4000
3077	13613.4000	25319.7000
3078	13032.6000	26894.3000
3079	1548.6000	1645.1000
3081	1313.4000	1410.8000
3086	1386.6000	1458.4000
3115	5467.7000	5881.5000
3116	5337.0000	5508.7000
3117	5341.5000	5470.4000
3121	5376.7000	5788.7000
3122	5654.4000	5721.3000
3123	5079.0000	5757.7000
3125	6349.6000	6383.9000
3126	6507.6000	6744.5000
3130	6198.5000	6467.4000
3131	6324.4000	7089.2000
3142	12312.4000	15012.3000
3143	11656.8000	16708.5000
3144	11729.7000	15267.7000
3145	12077.9000	14978.9000
3146	11796.7000	15922.7000
3147	12291.4000	14129.6000
3148	14164.1000	14838.0000
3149	12084.6000	15158.9000
3150	13532.4000	15668.7000
3151	12709.1000	16328.7000
3152	13110.9000	15332.3000
3153	12818.6000	16696.1000
3154	12837.9000	17058.2000
3155	12687.3000	15184.5000
3156	12968.7000	16284.6000
3157	12637.2000	16433.4000
3158	12003.0000	15115.6000
3159	12122.9000	17427.1000
3161	1700.1000	1849.0000
3164	1759.4000	1821.1000
3166	1815.6000	1856.5000
3187	3950.5000	3995.7000
3189	3783.7000	3885.6000
3191	3438.4000	3660.7000
3192	3483.6000	3900.8000
3195	4039.0000	4041.4000
3200	5037.9000	5245.8000
3216	4498.2000	4799.5000
3228	6422.9000	6866.7000
3296	3666.3000	3689.1000
3298	3413.1000	3803.5000
3538	1359.6000	1398.9000
3539	1318.6000	1369.9000
3540	1372.5000	1441.3000
3541	1407.4000	1428.0000
3542	1075.0000	1422.1000
3543	1241.7000	1366.7000
3546	994.6000	1415.7000
3592	955.7000	1315.3000
3593	1053.7000	1326.4000
3594	857.6000	1292.4000
3595	927.0000	1395.6000
3596	993.4000	1287.3000
3597	1006.3000	1358.8000
3598	996.9000	1266.1000
3599	1007.9000	1266.3000
3600	878.6000	1409.3000
3619	1603.6000	2727.4000
3620	1979.5000	2667.6000
3621	1938.6000	2567.1000
3622	1756.8000	2715.1000
3623	1845.4000	2753.7000
3624	1772.8000	2661.6000
3625	1803.7000	2752.0000
3626	1814.4000	2644.6000
3627	1870.4000	2545.7000
3682	9890.4000	11345.0000
3683	10230.1000	11529.3000
3684	10303.4000	11583.3000
3685	10247.5000	11177.2000
3686	9945.7000	11179.6000
3687	10214.4000	11476.8000
3688	10021.6000	11230.3000
3689	10222.7000	11099.1000
3690	10210.3000	11458.9000
3691	9785.2000	10061.7000
3692	9658.9000	10939.9000
3693	8976.5000	10243.1000
3694	9817.7000	9961.1000
3695	9493.8000	10408.1000
3696	9135.8000	10765.4000
3697	8847.7000	10511.2000
3698	9621.2000	9684.6000
3699	8932.5000	9996.0000
3700	9411.5000	9545.9000
3709	14492.5000	19083.7000
3710	14074.9000	20239.5000
3711	14157.7000	18831.2000
3712	13824.9000	17987.4000
3713	14213.8000	19934.8000
3714	14260.7000	20298.8000
3715	14149.1000	18096.9000
3716	14593.4000	18560.2000
3717	13311.8000	20506.8000
3718	14164.7000	20124.5000
3719	13896.4000	19257.3000
3720	14749.8000	18485.5000
3721	14266.2000	19682.2000
3722	13631.7000	18991.4000
3723	13915.9000	19531.9000
3724	13246.9000	19870.3000
3725	13973.6000	18294.5000
3726	13817.0000	17883.3000
3781	4527.7000	6046.2000
3782	5397.1000	6264.5000
3783	5117.9000	5297.6000
3784	5650.3000	5650.9000
3786	5331.3000	5406.5000
3788	5212.8000	5476.5000
3789	5280.1000	5469.4000
3817	8817.5000	9312.0000
3820	9468.7000	10113.8000
3825	9160.8000	9612.6000
3826	9978.3000	10095.6000
3827	10030.8000	10095.0000
3828	9258.5000	10606.3000
3830	9437.8000	9644.5000
3831	9055.0000	9701.1000
3832	8936.8000	9914.9000
3833	9383.6000	9978.9000
3834	9381.3000	9508.1000
3837	9038.1000	9587.3000
3840	9832.7000	11377.1000
3841	10938.5000	11233.7000
3842	9705.1000	10437.0000
3843	8281.4000	11547.2000
3844	12069.6000	21357.3000
3845	11804.6000	17100.9000
3846	12014.3000	15906.8000
3847	12186.1000	16790.0000
3848	12787.8000	15815.4000
3849	12491.6000	15745.8000
3850	11982.7000	15744.0000
3851	13160.0000	15907.1000
3852	13550.1000	15540.1000
3853	10564.6000	14391.8000
3854	11446.7000	15210.3000
3855	11423.4000	15395.2000
3856	10953.2000	14344.9000
3857	11232.9000	15984.1000
3858	11528.0000	15136.8000
3859	11236.4000	14097.0000
3860	10690.6000	13814.4000
3861	10706.6000	14961.5000
3863	13932.9000	14801.3000
3864	15692.9000	15921.4000
3866	14418.5000	15599.2000
3867	14869.4000	15417.7000
3869	15344.5000	15598.7000
3871	16414.3000	25725.0000
3872	16486.0000	26482.9000
3873	16388.9000	26396.8000
3874	17324.2000	25607.4000
3875	16428.2000	28065.7000
3876	17083.2000	24653.3000
3877	16649.8000	26691.2000
3878	16584.3000	25655.6000
3879	16181.2000	25278.5000
3880	17157.1000	26250.4000
3881	17163.9000	26547.3000
3882	16055.9000	24067.4000
3883	16106.2000	26305.3000
3884	17061.0000	24708.9000
3885	16765.7000	23952.0000
3886	16888.3000	24220.5000
3887	16763.1000	24045.8000
3888	17624.6000	22855.9000
3954	4564.3000	4701.7000
3963	4679.3000	5271.2000
3964	5032.5000	5301.7000
3971	2836.5000	2891.2000
3980	5297.7000	5692.9000
3983	5158.8000	5520.3000
4006	7238.3000	8604.1000
4008	7328.4000	7572.9000
4010	7215.3000	8443.0000
4012	7559.0000	7927.2000
4013	7339.4000	8355.8000
4015	5986.8000	7888.6000
4016	5929.0000	7466.3000
4017	6448.3000	7148.4000
4018	6284.5000	7942.1000
4019	6392.0000	7192.8000
4020	6126.1000	6809.3000
4021	6543.1000	7124.6000
4022	6336.4000	7739.7000
4023	6171.6000	7647.8000
4033	13714.1000	17058.7000
4034	13364.3000	17375.3000
4035	13905.9000	17938.2000
4036	12638.5000	18146.2000
4037	12921.4000	18912.0000
4038	13521.2000	17255.9000
4039	14373.1000	18746.7000
4040	12086.2000	16298.4000
4041	13747.4000	19343.4000
4042	13371.1000	17291.5000
4043	12344.1000	16809.7000
4044	12153.3000	18280.2000
4045	13493.0000	16558.4000
4046	12916.4000	16842.8000
4047	14092.3000	17640.1000
4048	11697.7000	16782.5000
4049	13574.1000	17007.3000
4050	12955.4000	17036.0000
4052	1333.3000	1464.8000
4056	1225.2000	1482.7000
4057	1473.1000	1533.4000
4058	1425.3000	1494.3000
4078	3955.2000	6218.7000
4079	3782.4000	5629.8000
4080	4034.5000	6089.9000
4081	3979.3000	6038.4000
4082	4045.1000	6020.3000
4083	4200.6000	5632.7000
4084	4046.8000	6116.4000
4085	4194.2000	5805.2000
4086	4237.2000	5800.4000
4087	7344.2000	9771.0000
4088	7938.6000	10731.3000
4089	7134.6000	10461.9000
4090	9453.4000	9825.2000
4091	8132.8000	10552.3000
4092	8600.0000	10519.0000
4093	7896.5000	9049.1000
4095	7716.5000	9404.2000
4105	5753.7000	9263.4000
4106	5376.3000	9245.2000
4107	5532.8000	8720.2000
4108	5526.4000	9133.3000
4109	5803.1000	9112.2000
4110	5480.0000	9095.0000
4111	5666.2000	8596.0000
4112	5283.2000	9556.8000
4113	5999.5000	9447.3000
4114	12497.2000	14363.5000
4117	12494.3000	15660.9000
4118	12972.7000	15285.8000
4119	14307.1000	14986.0000
4120	12898.3000	13058.1000
4121	12316.1000	13259.3000
4122	11236.6000	12640.5000
4124	12371.3000	12836.3000
4125	11165.4000	12512.5000
4483	3890.3000	4775.2000
4484	3140.0000	4648.4000
4485	3200.2000	4972.4000
4486	3419.0000	4623.9000
4487	3232.7000	4577.1000
4488	3185.3000	4841.0000
4489	3308.5000	4613.8000
4490	3394.9000	4476.3000
4491	3247.4000	4697.3000
4493	7319.9000	7954.5000
4494	7227.5000	7794.7000
4495	6775.5000	7892.8000
4497	7515.1000	7639.7000
4498	6868.3000	7333.9000
4500	7283.0000	7384.5000
4501	8254.2000	8744.8000
4503	7650.6000	7668.2000
4504	7112.5000	7660.3000
4506	7081.5000	7363.5000
4507	7238.8000	7575.7000
4509	8225.7000	8615.0000
4519	9169.2000	10566.6000
4520	8047.5000	8951.2000
4521	8088.2000	9873.2000
4522	9262.9000	9607.1000
4523	9010.8000	9275.8000
4525	9222.5000	9872.5000
4531	8423.9000	8631.4000
4532	7299.2000	8314.9000
4537	1028.6000	1233.8000
4538	1130.8000	1316.9000
4539	1068.5000	1285.4000
4540	1212.1000	1215.0000
4543	1240.0000	1356.1000
4564	828.8000	2244.6000
4565	1195.7000	2280.1000
4566	1393.8000	2515.1000
4567	1746.6000	2131.4000
4568	1538.1000	2280.9000
4569	1627.9000	2222.8000
4570	2062.0000	2255.0000
4571	1663.0000	2242.5000
4572	1296.6000	2305.2000
4573	2132.9000	2562.5000
4574	2330.9000	2699.8000
4578	2380.5000	2594.8000
4579	2803.4000	2901.0000
4582	2193.7000	2789.1000
4583	2326.2000	2562.4000
4584	2498.4000	2679.5000
4591	1174.7000	3398.8000
4592	1021.6000	3713.6000
4593	1189.1000	3449.0000
4594	1828.9000	3342.9000
4595	1876.9000	3752.1000
4596	2011.6000	3486.7000
4597	2205.2000	3474.5000
4598	2136.2000	3428.6000
4599	2125.3000	3512.4000
4600	3392.4000	4127.1000
4601	3173.9000	3666.1000
4602	3197.9000	3789.1000
4604	3974.9000	4398.6000
4609	2938.7000	3605.5000
4610	2984.7000	3783.0000
4611	3151.0000	3670.2000
4612	3892.9000	3906.7000
4615	3961.1000	3995.1000
4616	3671.8000	3970.1000
4617	3530.8000	3666.4000
4681	10658.3000	11554.3000
4685	10341.7000	11250.5000
4686	8655.4000	11348.0000
4687	10683.6000	10888.8000
4688	9946.5000	10746.1000
4689	10150.2000	10822.6000
4691	10860.3000	11736.6000
4692	10137.4000	11714.2000
4694	10633.8000	11915.5000
4696	11230.2000	11576.9000
4698	9506.9000	11449.3000
4863	2083.3000	2173.8000
4868	2182.8000	2190.8000
4869	2127.8000	2150.2000
4885	3946.8000	4031.9000
4888	2537.5000	2992.0000
4889	2737.7000	2920.4000
4890	2441.2000	2987.1000
4891	2685.0000	3102.6000
4892	2899.2000	2989.2000
4893	2676.6000	3020.3000
4895	2671.9000	2984.1000
4896	2822.8000	2961.6000
4898	5553.9000	6376.2000
4900	5578.5000	5734.2000
4901	5071.4000	5296.1000
4902	5103.9000	5475.6000
4904	5902.6000	5973.6000
4905	5134.5000	5157.2000
4906	5994.6000	6654.2000
4907	6334.5000	6987.7000
4908	5959.9000	6174.6000
4909	6031.2000	6604.5000
4910	6413.0000	6451.1000
4913	6462.3000	6640.2000
4914	6577.1000	6946.7000
4924	8720.2000	9366.4000
4927	8655.0000	10136.9000
4929	8062.8000	9685.8000
4930	8260.4000	8732.0000
4931	8841.6000	9093.6000
4932	8560.6000	8860.8000
4933	8350.4000	8404.4000
4934	7902.2000	8817.8000
4935	8614.4000	9552.1000
4936	8292.1000	8402.6000
4937	8165.2000	8222.0000
4938	7902.1000	8134.3000
4939	7973.7000	8504.1000
4940	8420.5000	8620.1000
4941	7667.4000	8447.8000
5005	10176.7000	10821.9000
5006	9716.9000	10269.6000
5007	9759.8000	10638.8000
5008	10128.2000	10405.8000
5013	9068.9000	10186.4000
5015	11401.3000	12461.1000
5016	11564.4000	11646.2000
5018	11130.2000	12040.9000
5021	10899.9000	12150.7000
5022	11460.7000	11555.7000
5085	5727.5000	5875.5000
5087	15166.0000	16496.3000
5088	14332.4000	14678.6000
5089	14630.4000	14871.4000
5090	14511.5000	15258.1000
5095	12350.7000	12387.7000
5096	11050.0000	12219.4000
5098	12136.6000	12657.7000
5100	11511.0000	12454.3000
5102	11557.9000	11698.2000
5103	11558.3000	13164.1000
5131	6590.8000	7228.2000
5132	6273.1000	6330.9000
5141	10092.1000	10513.7000
5142	11170.4000	11354.2000
5147	10689.7000	11280.2000
5150	9094.2000	9683.9000
5151	8896.4000	8909.2000
5154	9035.9000	9382.5000
5156	8900.5000	9665.3000
5157	9708.7000	10237.6000
5158	9427.1000	9595.8000
5164	8715.0000	9360.9000
5165	9480.6000	9533.2000
5166	8556.6000	9264.5000
5167	11202.7000	13717.4000
5168	11247.0000	14255.2000
5169	11463.2000	13853.6000
5170	11244.2000	13982.0000
5171	11860.7000	15712.9000
5172	11305.4000	14518.7000
5173	11060.3000	15525.2000
5174	11051.0000	16765.9000
5175	11653.3000	13920.2000
5176	11609.2000	15432.9000
5177	12265.5000	14759.2000
5178	11811.5000	14829.9000
5179	11653.8000	15265.7000
5180	11760.0000	14336.7000
5181	11447.1000	15195.4000
5182	12172.1000	14848.6000
5183	11670.8000	15061.1000
5184	11055.4000	14804.9000
5189	478.5000	546.9000
5212	2651.7000	2716.5000
5215	2716.1000	2795.7000
5218	2703.9000	2858.1000
5219	2568.9000	2707.3000
5220	2586.8000	2686.3000
5250	8215.9000	8300.4000
5265	8593.3000	8673.6000
5266	941.5000	969.9000
5267	864.0000	869.3000
5268	931.4000	991.2000
5269	789.1000	918.1000
5271	833.2000	939.2000
5273	892.2000	990.5000
5302	15848.4000	19838.8000
5303	15808.8000	18226.2000
5304	15400.1000	18484.0000
5305	15729.1000	19993.9000
5306	16191.7000	19057.3000
5307	15595.8000	20465.9000
5308	16300.3000	18310.4000
5309	16679.5000	19584.3000
5310	14722.7000	19793.5000
5311	16104.3000	18388.8000
5312	15485.9000	18626.0000
5313	16654.8000	18739.0000
5314	16415.9000	19927.9000
5315	17463.1000	20350.0000
5316	15721.6000	19032.2000
5317	15707.7000	18575.9000
5318	16651.8000	19789.0000
5319	16290.8000	20116.5000
5321	15596.0000	16444.9000
5323	14782.1000	18626.9000
5324	15517.3000	16368.6000
5325	17499.6000	18852.4000
5326	17486.9000	18138.9000
5328	15315.8000	17274.7000
5329	21748.9000	33397.9000
5330	22654.7000	32506.0000
5331	22550.9000	36456.1000
5332	22595.3000	34921.5000
5333	20810.1000	32580.2000
5334	21541.3000	36973.2000
5335	22307.7000	33082.7000
5336	22125.2000	35578.7000
5337	22418.4000	35396.7000
5338	21774.2000	37090.2000
5339	23088.9000	33594.8000
5340	22682.7000	37569.6000
5341	22615.7000	34251.2000
5342	23232.3000	32241.3000
5343	22914.8000	36045.7000
5344	22543.0000	34475.0000
5345	22508.1000	37922.0000
5346	22856.3000	36168.1000
5379	4833.4000	4937.1000
5388	10565.5000	10717.6000
5389	10556.3000	11559.2000
5390	10593.5000	10834.4000
5392	10449.2000	11185.5000
5395	10569.3000	11678.5000
5397	10720.8000	12119.0000
5401	12313.4000	14042.7000
5402	11621.0000	14771.2000
5403	11974.8000	14117.7000
5404	11941.8000	14339.9000
5408	13654.5000	14674.7000
5409	11944.9000	14568.1000
5410	15889.2000	21976.6000
5411	15436.3000	23258.7000
5412	15737.8000	22204.5000
5413	15211.4000	23225.5000
5414	15540.0000	22233.8000
5415	15631.2000	21845.7000
5416	16350.0000	21029.0000
5417	15726.6000	21766.7000
5418	15484.4000	23280.2000
5419	19306.0000	28065.8000
5420	19297.1000	31069.1000
5421	18727.7000	30406.7000
5422	19226.6000	25879.3000
5423	20689.3000	29361.4000
5424	19043.2000	27176.7000
5425	19455.6000	28748.1000
5426	18728.7000	30759.4000
5427	19080.3000	25720.1000
5428	3261.0000	3789.7000
5429	2953.4000	3723.6000
5430	2952.5000	3500.1000
5431	3160.6000	3551.1000
5432	3396.7000	3603.9000
5433	3062.9000	3736.9000
5434	3451.7000	3663.2000
5435	3391.2000	3574.1000
5436	3273.4000	3700.0000
5437	9985.6000	10655.6000
5444	10392.1000	10745.3000
5445	10380.5000	10413.0000
5455	7813.2000	7911.2000
5456	6637.1000	7727.9000
5458	6972.0000	7575.7000
5460	6938.2000	8229.6000
5462	7087.4000	7644.8000
5464	14708.4000	15383.6000
5465	13875.0000	14608.6000
5466	13512.2000	14454.1000
5467	13845.9000	14071.8000
5468	13706.8000	14591.0000
5469	13710.4000	15236.2000
5470	14735.1000	15955.4000
5471	13921.9000	14746.5000
5472	13278.2000	14327.6000
5473	12278.5000	12354.8000
5474	12294.1000	13837.8000
5475	12059.5000	13694.9000
5476	12556.4000	13999.9000
5477	12118.0000	15452.1000
5478	12291.9000	15772.3000
5479	12320.7000	13390.8000
5480	12258.1000	13447.1000
5481	12633.3000	13561.6000
5483	15723.0000	16369.1000
5484	13403.2000	15634.3000
5485	17065.8000	17431.2000
5486	14199.3000	18079.4000
5487	16787.7000	16941.1000
5488	14790.1000	17659.3000
5489	15314.4000	15473.2000
5490	17265.9000	17838.8000
5491	18541.9000	30133.8000
5492	17916.1000	27227.6000
5493	19364.4000	27823.0000
5494	18273.9000	28768.2000
5495	18022.3000	28491.8000
5496	18745.9000	29570.1000
5497	18794.5000	27681.6000
5498	17914.9000	30068.4000
5499	18704.7000	28248.1000
5500	16454.9000	25360.8000
5501	17291.4000	26320.3000
5502	17756.6000	24806.7000
5503	16978.3000	27078.2000
5504	16822.5000	23266.6000
5505	17616.7000	27054.0000
5506	17957.4000	27791.3000
5507	16650.3000	24654.9000
5508	17211.8000	25785.4000
5582	4230.7000	4348.0000
5613	4193.9000	4205.8000
5614	4531.0000	4538.0000
5626	6732.9000	8198.8000
5627	7030.8000	8647.3000
5628	6787.6000	7976.8000
5630	7647.4000	7992.1000
5632	7528.6000	8941.0000
5635	8378.0000	8476.3000
5637	8964.4000	11273.1000
5638	8135.6000	8304.8000
5639	8527.7000	8554.6000
5640	7429.2000	9456.6000
5642	8067.5000	9451.6000
5643	7509.3000	7950.2000
5653	11748.8000	12383.7000
5654	9917.1000	12412.8000
5655	8782.2000	11857.2000
5657	10921.1000	14735.3000
5658	9359.6000	12915.6000
5659	10596.5000	11453.9000
5660	11326.0000	11816.5000
5661	9839.2000	12646.0000
5662	9870.1000	12376.2000
5663	9259.8000	13552.9000
5664	9887.5000	12311.3000
5665	9869.9000	12607.2000
5666	9752.1000	12555.3000
5667	11820.2000	12502.7000
5668	9680.6000	13166.9000
5669	10180.5000	12018.4000
5790	7898.9000	8411.1000
5792	7699.5000	8713.4000
5793	8226.5000	8778.1000
5795	7918.3000	8100.0000
5796	7517.4000	7827.8000
5798	7686.4000	7903.4000
5800	8024.9000	8448.7000
5801	7874.6000	8725.7000
5802	7937.8000	7951.6000
5804	8122.7000	9317.0000
5805	7855.8000	7862.1000
5815	10113.2000	10376.6000
5816	9822.3000	10960.1000
5817	9589.9000	11548.0000
5818	9456.8000	11222.4000
5819	9362.6000	10583.2000
5820	10195.8000	10794.8000
5821	9849.4000	9877.8000
5822	9546.1000	10572.9000
5823	9467.0000	11391.5000
5824	9503.4000	11483.0000
5826	9521.8000	10350.7000
5827	9546.8000	10859.6000
5828	9441.9000	11419.8000
5829	9669.6000	11429.7000
5830	9276.0000	11598.0000
5831	9587.5000	11209.4000
5832	9321.7000	10913.7000
5861	3431.1000	3506.8000
5862	3376.4000	3443.7000
5863	3419.8000	3489.5000
5864	3074.0000	3528.5000
5865	3159.8000	3469.0000
5866	3113.4000	3599.4000
5868	3310.3000	3538.2000
5872	9286.5000	9363.2000
5873	9219.8000	9669.8000
5875	9501.3000	10395.4000
5879	8233.5000	8893.9000
5880	8639.9000	8741.4000
5881	8871.3000	9734.0000
5882	8640.0000	8791.5000
5883	8122.3000	9251.6000
5885	8282.2000	9687.9000
5886	8255.9000	8587.9000
5888	7228.6000	9649.2000
5889	9095.5000	9954.0000
5890	6692.7000	9292.7000
5891	7642.7000	7703.0000
5896	13064.9000	15084.2000
5897	12913.1000	14353.0000
5898	13373.5000	15523.6000
5899	12606.8000	14467.3000
5900	12738.2000	14795.9000
5901	12418.0000	13716.4000
5902	13004.7000	16937.7000
5903	12841.7000	15913.9000
5904	12961.5000	14876.1000
5905	10972.4000	13876.6000
5906	10339.3000	14554.5000
5907	10892.0000	14419.4000
5908	10927.9000	14360.5000
5909	11382.9000	15554.5000
5910	10969.3000	14666.5000
5911	11764.4000	15299.8000
5912	10893.1000	15304.1000
5913	11026.2000	13979.5000
6022	5613.5000	5628.1000
6023	5694.6000	5773.4000
6024	5371.6000	5707.3000
6025	5495.2000	5682.4000
6026	5475.1000	5759.2000
6028	5467.6000	5555.4000
6029	5256.0000	5587.8000
6031	12220.8000	14375.5000
6032	11885.3000	13754.9000
6033	11425.2000	13936.8000
6034	12046.9000	14171.6000
6035	12736.5000	14500.0000
6036	11906.2000	14677.5000
6037	11845.1000	14015.2000
6038	12556.3000	14337.6000
6039	12190.6000	13422.3000
6040	10864.6000	11920.0000
6041	10387.4000	11719.9000
6042	10849.5000	12156.6000
6043	10708.3000	11392.0000
6044	10733.6000	12443.6000
6045	10448.8000	12344.8000
6046	11333.3000	11386.0000
6047	10502.0000	12138.3000
6048	10278.4000	13109.9000
6049	12246.8000	13703.7000
6051	11682.2000	14145.1000
6054	13590.9000	13915.8000
6056	12495.4000	15161.6000
6057	13604.9000	14985.4000
6058	17292.6000	25657.7000
6059	17628.9000	28113.0000
6060	17533.0000	26241.7000
6061	18165.4000	27303.7000
6062	18108.1000	28368.7000
6063	18225.9000	28467.1000
6064	18214.9000	27828.8000
6065	17126.1000	27493.3000
6066	20147.3000	27354.7000
6067	17272.9000	26996.9000
6068	17528.8000	27637.1000
6069	18667.1000	27377.2000
6070	18819.8000	27557.2000
6071	17355.5000	27172.9000
6072	17161.4000	27857.9000
6073	17349.4000	26636.9000
6074	17760.2000	26698.8000
6075	20062.7000	26605.0000
6086	4097.1000	4234.6000
6094	4639.5000	4682.8000
6103	4066.2000	4148.7000
6107	4006.2000	4073.0000
6108	4202.8000	4397.5000
6109	4115.3000	4168.0000
6110	4001.2000	4196.8000
6111	3965.1000	4014.3000
6113	6895.1000	6968.1000
6117	6553.2000	6920.3000
6119	7118.1000	7219.2000
6120	6724.4000	7633.8000
6123	6294.2000	6659.1000
6125	6556.6000	6686.0000
6126	6436.9000	6819.3000
6127	5920.9000	7185.0000
6128	6212.8000	7142.2000
6131	6267.4000	7165.2000
6132	6739.0000	7360.3000
6133	7167.3000	7360.4000
6136	6742.4000	7015.2000
6137	6935.6000	7033.8000
6138	7085.7000	7336.2000
6141	10136.9000	11302.7000
6142	10643.5000	11616.7000
6145	15401.6000	16322.7000
6153	8854.2000	11291.3000
6155	8733.6000	11009.6000
6156	10847.4000	12025.0000
6275	13934.1000	14632.1000
6276	13497.2000	15417.2000
6278	13263.2000	14614.0000
6279	12888.0000	14940.5000
6281	15308.0000	15571.4000
6282	13083.4000	14904.5000
6284	12775.3000	15404.2000
6285	12949.3000	15254.9000
6287	14239.1000	15633.8000
6288	12839.1000	14401.2000
6290	13603.1000	13825.2000
6291	13211.2000	13889.4000
6301	22803.2000	25769.2000
6302	20186.7000	27272.2000
6303	20816.0000	25675.6000
6304	24505.5000	27111.9000
6305	19327.1000	26843.8000
6306	20492.3000	28512.7000
6307	23380.1000	30564.1000
6308	20612.8000	26729.6000
6309	20829.6000	28220.6000
6310	21241.9000	26486.2000
6311	18999.4000	26118.8000
6312	19349.7000	26682.9000
6313	27097.2000	27353.8000
6314	19355.7000	23750.3000
6315	18163.6000	24400.1000
6316	22541.0000	28212.2000
6317	18347.4000	25117.9000
6318	18607.8000	25587.4000
6476	5138.3000	5389.7000
6477	5317.1000	5508.4000
6478	5144.0000	5557.0000
6508	5410.8000	5426.8000
6518	9622.5000	10403.9000
6519	9680.5000	11288.6000
6520	9719.3000	10009.3000
6522	9380.0000	11117.8000
6523	9499.3000	10389.6000
6524	9220.8000	10461.1000
6525	8961.7000	10192.1000
6526	11539.2000	12228.3000
6527	11177.0000	11660.1000
6528	11091.4000	12001.1000
6529	11392.7000	11734.9000
6530	12261.3000	12323.3000
6532	11706.8000	12568.2000
6533	11396.5000	11932.1000
6535	4123.9000	5962.0000
6536	3818.5000	6071.7000
6537	3941.3000	5750.3000
6538	4242.0000	5925.7000
6539	4357.4000	5873.7000
6540	4224.8000	6037.4000
6541	4051.2000	5782.7000
6542	4618.2000	6067.4000
6543	4495.9000	6066.0000
6544	11942.9000	15248.4000
6545	11592.4000	13261.5000
6546	11920.2000	15932.2000
6547	11482.7000	13351.2000
6548	12079.8000	14736.3000
6549	12327.6000	13852.5000
6550	11393.0000	15927.1000
6551	11109.4000	15060.8000
6552	11705.8000	14015.5000
6553	15117.3000	19115.8000
6554	14721.2000	17953.9000
6555	15327.1000	18532.9000
6556	14564.5000	17744.1000
6557	14563.3000	18506.9000
6558	14344.9000	18056.4000
6559	14656.4000	18194.2000
6560	14384.0000	17290.2000
6561	14781.2000	16640.3000
6869	7515.2000	7564.1000
6870	7420.8000	8007.5000
6881	7209.4000	7396.8000
6882	6859.5000	7391.3000
6913	5000.7000	5054.8000
6915	4748.6000	5047.2000
6917	4966.6000	5059.3000
6918	4545.7000	5096.3000
6919	4667.6000	5228.2000
6920	4955.9000	5126.4000
6921	5136.9000	5214.7000
6922	6655.9000	7556.9000
6925	7283.0000	7598.5000
6928	7030.9000	7802.7000
6929	7291.5000	8021.2000
6932	7205.2000	7449.7000
6933	6628.4000	7430.3000
6937	7810.1000	7835.0000
6938	6840.4000	7254.7000
6940	9289.6000	9365.6000
6941	9229.5000	9822.0000
6942	9483.3000	9722.3000
6943	8893.1000	8993.2000
6944	9046.0000	9279.6000
6945	9342.9000	9845.6000
6947	9346.7000	9745.6000
6948	8709.2000	9667.8000
6954	12743.2000	14118.7000
6995	2587.1000	2647.0000
6997	2622.1000	2637.2000
7000	2558.6000	2687.9000
7046	8246.0000	8262.4000
7108	1609.5000	1730.5000
7186	3281.8000	3502.7000
7237	2224.0000	2319.4000
7239	2211.2000	2465.3000
7240	2195.6000	2425.6000
7241	2362.1000	2511.0000
7242	2079.4000	2349.9000
7243	2180.6000	2291.0000
7244	2272.9000	2366.4000
7245	2473.1000	2511.7000
7249	4487.7000	4667.2000
7251	4567.1000	4661.2000
7263	4220.3000	4556.4000
7276	6889.4000	7434.8000
7277	7069.1000	7419.9000
7278	7062.8000	7448.6000
7279	6656.7000	7267.6000
7280	7162.8000	8191.8000
7281	6672.8000	7724.2000
7282	6421.9000	7480.1000
7283	7358.3000	7468.4000
7284	6845.8000	7408.4000
7285	7052.3000	7432.9000
7287	6828.6000	7471.4000
7288	7125.6000	7810.9000
7289	6935.9000	8464.4000
7290	6462.6000	7839.9000
7322	2862.8000	2961.3000
7324	2715.4000	2799.0000
7332	5895.3000	6091.6000
7336	5505.2000	5788.1000
7341	5794.9000	5835.2000
7345	2318.4000	3207.5000
7346	2304.6000	3274.4000
7347	2159.0000	3516.4000
7348	2512.3000	3347.2000
7349	2597.2000	3593.2000
7350	2245.3000	3490.2000
7351	2466.9000	3647.7000
7352	2459.0000	3293.1000
7353	2721.5000	3354.6000
7355	7472.5000	7990.6000
7357	7606.8000	8997.2000
7358	7191.4000	7948.7000
7359	7340.8000	8069.8000
7362	6869.5000	7804.2000
7363	7522.7000	7568.9000
7365	7904.7000	8155.9000
7366	7460.4000	8197.2000
7369	7254.3000	7583.1000
7424	8418.8000	9973.8000
7426	4151.0000	4445.0000
7427	4364.1000	4473.3000
7429	4099.4000	4631.6000
7430	4315.1000	4757.8000
7431	4257.3000	4740.6000
7561	1464.9000	2151.5000
7562	1335.8000	2006.2000
7563	1248.7000	2100.5000
7564	1305.9000	2024.8000
7565	1242.9000	1981.9000
7566	1381.8000	2073.6000
7567	1518.7000	2048.7000
7568	1225.3000	2122.1000
7569	1522.8000	2194.6000
7570	2093.8000	2252.8000
7572	2018.2000	2239.5000
7574	2064.1000	2307.5000
7576	2059.1000	2111.5000
7577	2066.4000	2095.8000
7578	2004.4000	2337.0000
7579	1877.1000	2285.5000
7580	1878.6000	2320.6000
7581	1997.6000	2256.2000
7583	2091.4000	2318.7000
7586	2021.6000	2267.2000
7587	2056.9000	2209.1000
7588	1609.6000	2381.4000
7589	1885.0000	2553.8000
7590	1868.0000	2331.7000
7591	1815.0000	2489.4000
7592	1815.5000	2296.2000
7593	1751.7000	2362.7000
7594	1750.2000	2456.5000
7595	1834.6000	2438.3000
7596	2013.6000	2595.1000
7597	2436.7000	2554.2000
7598	2307.8000	2647.5000
7599	2533.7000	2538.2000
7600	2301.9000	2433.6000
7603	2415.0000	2432.2000
7605	2298.6000	2586.1000
7606	2320.9000	2515.8000
7607	2137.4000	2571.0000
7609	2347.4000	2389.8000
7611	2311.2000	2329.1000
7614	2265.6000	2449.4000
7617	1155.3000	1156.5000
7644	5230.8000	5235.7000
7648	5127.1000	5166.9000
7650	4943.0000	4962.7000
7651	7283.6000	7341.1000
7653	6816.6000	7053.3000
7656	7228.5000	7797.9000
7661	7504.2000	8266.6000
7662	6888.9000	7903.4000
7665	8431.6000	8551.0000
7666	7433.3000	8073.8000
7678	9674.2000	10806.5000
7680	9705.5000	11152.2000
7682	9836.1000	11647.7000
7683	9734.0000	11853.8000
7684	11431.1000	12344.3000
7685	10705.5000	11431.5000
7687	10762.9000	11148.9000
7689	10570.6000	10672.8000
7692	9204.9000	11015.5000
7693	10165.5000	11258.9000
7694	10564.7000	11243.0000
7732	7451.9000	8382.0000
7733	6911.0000	8162.6000
7734	6888.6000	7774.7000
7736	7094.2000	8108.3000
7737	7916.0000	9360.7000
7738	7561.5000	8238.4000
7739	7595.2000	8030.1000
7740	7638.6000	8752.6000
7741	6693.1000	7268.2000
7742	6769.7000	7427.3000
7743	7249.7000	7713.8000
7745	7901.8000	8652.5000
7746	7618.7000	7734.3000
7747	7016.3000	7849.0000
7748	7475.6000	7795.0000
7749	6884.2000	7140.1000
7750	7470.1000	10561.7000
7751	7364.4000	10040.3000
7752	7349.5000	10546.7000
7753	7448.8000	10162.1000
7754	7923.2000	10479.0000
7755	7214.9000	10563.0000
7756	7944.3000	10493.7000
7757	7884.0000	10076.9000
7758	7870.8000	10508.5000
7761	15108.4000	16530.6000
7762	15219.4000	17375.4000
7763	14350.0000	18189.0000
7764	14300.4000	16829.5000
7765	13863.9000	16734.6000
7766	14645.6000	17634.4000
7767	12909.4000	16899.8000
7768	13107.8000	18237.0000
7769	14091.9000	18063.0000
7770	15168.3000	18665.2000
7772	14971.8000	19459.6000
7773	17228.0000	18505.4000
7774	14372.5000	18966.4000
7775	13827.0000	19232.0000
7776	13249.0000	16725.2000
7814	7657.0000	8510.8000
7815	7382.4000	8011.1000
7816	7633.6000	8515.0000
7817	8322.7000	8743.7000
7820	8327.1000	8818.8000
7821	7275.0000	7706.1000
7822	8028.8000	9824.5000
7823	7732.4000	9588.5000
7824	7408.3000	10403.8000
7825	8514.3000	11160.9000
7826	7449.1000	10334.1000
7827	8465.5000	10180.7000
7828	8055.4000	10254.4000
7829	8423.7000	10213.8000
7830	7078.6000	9372.7000
7831	8456.2000	9014.1000
7832	8523.6000	8789.4000
7833	7988.8000	9031.2000
7834	8279.7000	9111.6000
7835	8403.4000	9605.9000
7836	8326.1000	9473.4000
7837	8217.3000	8651.9000
7838	8690.0000	9327.2000
7840	13440.2000	15486.9000
7841	11123.3000	15510.2000
7842	12291.6000	15626.2000
7843	11529.6000	15728.9000
7844	11011.2000	15364.9000
7845	12514.3000	15072.6000
7846	12165.9000	16551.7000
7847	12759.2000	15719.0000
7848	11033.7000	15345.7000
7850	12402.6000	15086.5000
7851	11450.0000	15638.7000
7853	11520.5000	15573.7000
7854	11355.0000	15196.1000
7855	13104.2000	15348.3000
7857	10991.3000	13678.5000
7916	2420.2000	2423.1000
7919	2265.7000	2322.7000
7966	3437.6000	4033.9000
7967	2987.1000	4035.9000
7968	2946.5000	4011.8000
7969	3319.5000	3947.3000
7970	3301.5000	4291.8000
7971	3150.1000	4248.1000
7972	3093.6000	4152.7000
7973	3271.5000	4047.6000
7974	3372.9000	4059.9000
7979	4052.4000	4128.9000
7981	4094.2000	4387.8000
7984	4115.1000	4588.5000
7985	4330.7000	4756.1000
7987	4435.6000	4491.1000
7990	4008.3000	4397.9000
7991	4152.4000	4364.0000
7992	4171.0000	4424.6000
7993	5699.3000	7359.9000
7994	5979.3000	8062.6000
7995	5474.9000	8235.9000
7996	5606.6000	7016.0000
7997	5538.9000	7218.2000
7998	5727.3000	8171.2000
7999	5620.4000	7826.8000
8000	5193.7000	7696.7000
8001	5364.7000	7764.3000
8002	7342.1000	7655.6000
8006	7315.8000	8024.5000
8009	7811.8000	8058.6000
8010	8181.5000	8271.9000
8011	7248.3000	8377.7000
8012	7439.3000	8092.6000
8014	8066.1000	8245.4000
8015	7664.0000	8201.2000
8016	7615.6000	7741.7000
8017	7240.7000	8114.9000
8020	1550.7000	2535.9000
8021	1720.5000	2448.2000
8022	1754.5000	2532.1000
8023	1774.3000	2648.7000
8024	1794.1000	2400.0000
8025	1977.6000	2490.2000
8026	2083.3000	2671.2000
8027	1977.5000	2611.4000
8028	1881.9000	2469.0000
8049	5137.8000	5181.2000
8050	5363.2000	5504.8000
8052	4962.7000	5182.1000
8074	8140.9000	8308.7000
8080	8657.8000	8672.9000
