#dataset_conf_id,iter_no,pso_time,pso_to_task_time,objectives,time,objectives
406,0,851,0,3.7804878049,553,3.7804878049
406,1,977,0,3.7804878049,553,3.7804878049
406,2,920,0,3.7804878049,547,3.7804878049
406,3,922,0,3.7804878049,603,3.7804878049
406,4,945,0,3.7804878049,544,3.7804878049
406,5,1519,0,3.7804878049,550,3.7804878049
406,6,1470,0,3.7804878049,562,3.7804878049
406,7,848,0,3.7804878049,546,3.7804878049
406,8,1303,0,3.7804878049,554,3.7804878049
406,9,1113,0,3.7804878049,545,3.7804878049
407,0,1455,0,5.619047619,537,5.619047619
407,1,1563,0,5.619047619,537,5.619047619
407,2,1209,0,5.619047619,547,5.7619047619
407,3,1247,0,5.619047619,536,5.619047619
407,4,1555,0,5.619047619,540,5.619047619
407,5,1361,0,5.619047619,536,5.619047619
407,6,1360,0,5.619047619,540,5.619047619
407,7,1200,0,5.619047619,536,5.619047619
407,8,1184,0,5.619047619,537,5.619047619
407,9,1114,0,5.619047619,541,5.619047619
408,0,1155,0,0.9489795918,526,0.9489795918
408,1,872,0,0.9489795918,520,0.9489795918
408,2,896,0,0.9489795918,526,0.9489795918
408,3,1193,0,0.9489795918,519,0.9489795918
408,4,1052,0,0.9489795918,520,0.9489795918
408,5,871,0,0.9489795918,530,0.9489795918
408,6,896,0,0.9489795918,529,0.9489795918
408,7,876,0,0.9489795918,519,0.9489795918
408,8,917,0,0.9489795918,530,0.9489795918
408,9,896,0,0.9489795918,525,0.9489795918
409,0,851,0,5.5897435897,549,5.5897435897
409,1,1004,0,5.5897435897,535,5.5897435897
409,2,1296,0,5.5897435897,534,5.5897435897
409,3,1186,0,5.5897435897,541,5.5897435897
409,4,1281,0,5.5897435897,551,5.5897435897
409,5,1424,0,5.5897435897,559,5.5897435897
409,6,997,0,5.5897435897,549,5.5897435897
409,7,1370,0,5.5897435897,549,5.5897435897
409,8,1088,0,5.5897435897,552,5.5897435897
409,9,861,0,5.5897435897,550,5.5897435897
410,0,1323,0,4.5068493151,557,4.5068493151
410,1,873,0,4.5068493151,552,4.5068493151
410,2,1256,0,4.5068493151,556,4.5068493151
410,3,827,0,4.5068493151,556,4.5068493151
410,4,882,0,4.5068493151,555,4.5068493151
410,5,854,0,4.5068493151,556,4.5068493151
410,6,898,0,4.5068493151,552,4.5068493151
410,7,860,0,4.5068493151,553,4.5068493151
410,8,1203,0,4.5068493151,557,4.5068493151
410,9,1333,0,4.5068493151,556,4.5068493151
411,0,913,0,3.6231884058,542,3.6231884058
411,1,1131,0,3.6231884058,543,3.6231884058
411,2,951,0,3.6231884058,541,3.6231884058
411,3,1360,0,3.6231884058,536,3.6231884058
411,4,1192,0,3.6231884058,543,3.6764705882
411,5,1052,0,3.6231884058,541,3.6231884058
411,6,969,0,3.6231884058,543,3.6231884058
411,7,981,0,3.6231884058,543,3.6231884058
411,8,1077,0,3.6231884058,539,3.6231884058
411,9,1156,0,3.6231884058,552,3.6231884058
412,0,1035,0,13.6097560976,555,13.6097560976
412,1,1031,0,13.6097560976,550,13.6097560976
412,2,1437,0,13.6097560976,552,13.6097560976
412,3,1657,0,13.6097560976,553,13.6097560976
412,4,1112,0,13.6097560976,551,13.6097560976
412,5,1134,0,13.6097560976,548,13.6097560976
412,6,984,0,13.6097560976,557,13.6097560976
412,7,973,0,13.6097560976,550,13.6097560976
412,8,932,0,13.6097560976,552,13.6097560976
412,9,910,0,13.6097560976,554,13.6097560976
413,0,1012,0,4.8813559322,533,4.8813559322
413,1,1191,0,4.8813559322,533,4.8813559322
413,2,1368,0,4.8813559322,544,4.8813559322
413,3,904,0,4.8813559322,543,4.8813559322
413,4,1551,0,4.8813559322,543,4.8813559322
413,5,900,0,4.8813559322,534,4.8813559322
413,6,886,0,4.8813559322,534,4.8813559322
413,7,922,0,4.8813559322,529,4.8813559322
413,8,1248,0,4.8813559322,554,5.5384615385
413,9,883,0,4.8813559322,534,4.8813559322
414,0,1154,0,4.4024390244,547,4.4024390244
414,1,928,0,4.4024390244,543,4.4024390244
414,2,932,0,4.4024390244,542,4.4024390244
414,3,1178,0,4.4024390244,546,4.4024390244
414,4,974,0,4.4024390244,531,4.4024390244
414,5,1510,0,4.4024390244,542,4.4024390244
414,6,1605,0,4.4024390244,547,4.4024390244
414,7,938,0,4.4024390244,543,4.4024390244
414,8,878,0,4.4024390244,540,4.4024390244
414,9,912,0,4.4024390244,549,4.4024390244
487,0,569,0,0.6866197183,283,0.6866197183
487,1,564,0,0.6866197183,280,0.6866197183
487,2,551,0,0.6866197183,283,0.6866197183
487,3,559,0,0.6866197183,282,0.6866197183
487,4,583,0,0.6866197183,282,0.6866197183
487,5,803,0,0.6866197183,283,0.6866197183
487,6,551,0,0.6866197183,280,0.6866197183
487,7,575,0,0.6866197183,283,0.6866197183
487,8,724,0,0.6866197183,283,0.6866197183
487,9,570,0,0.6866197183,281,0.6866197183
488,0,620,0,0.1041162228,285,0.1041162228
488,1,987,0,0.1041162228,281,0.1041162228
488,2,732,0,0.1041162228,280,0.1041162228
488,3,588,0,0.1041162228,282,0.1041162228
488,4,783,0,0.1041162228,287,0.1041162228
488,5,857,0,0.1041162228,284,0.1041162228
488,6,1016,0,0.1041162228,279,0.1041162228
488,7,690,0,0.1041162228,278,0.1041162228
488,8,541,0,0.1041162228,290,0.1041162228
488,9,547,0,0.1041162228,282,0.1041162228
489,0,580,0,0.2553444181,295,0.2553444181
489,1,657,0,0.2553444181,288,0.2553444181
489,2,580,0,0.2553444181,291,0.2553444181
489,3,575,0,0.2553444181,296,0.2553444181
489,4,589,0,0.2553444181,288,0.2553444181
489,5,583,0,0.2553444181,287,0.2553444181
489,6,559,0,0.2553444181,293,0.2553444181
489,7,531,0,0.2553444181,287,0.2553444181
489,8,715,0,0.2553444181,287,0.2553444181
489,9,497,0,0.2553444181,299,0.2553444181
490,0,521,0,1.1195652174,281,1.1195652174
490,1,534,0,1.1195652174,282,1.1195652174
490,2,537,0,1.1195652174,282,1.1195652174
490,3,850,0,1.1195652174,284,1.1195652174
490,4,653,0,1.1195652174,282,1.1195652174
490,5,948,0,1.1195652174,281,1.1195652174
490,6,683,0,1.1195652174,283,1.1195652174
490,7,694,0,1.1195652174,281,1.1195652174
490,8,637,0,1.1195652174,282,1.1195652174
490,9,556,0,1.1195652174,286,1.1195652174
491,0,549,0,0.5385996409,281,0.5385996409
491,1,557,0,0.5385996409,282,0.5385996409
491,2,552,0,0.5385996409,283,0.5385996409
491,3,526,0,0.5385996409,279,0.5385996409
491,4,540,0,0.5385996409,280,0.5385996409
491,5,733,0,0.5385996409,279,0.5385996409
491,6,953,0,0.5385996409,281,0.5385996409
491,7,785,0,0.5385996409,279,0.5385996409
491,8,650,0,0.5385996409,280,0.5385996409
491,9,568,0,0.5385996409,279,0.5385996409
492,0,516,0,0.8203592814,277,0.8203592814
492,1,557,0,0.8203592814,276,0.8203592814
492,2,579,0,0.8203592814,275,0.8203592814
492,3,959,0,0.8203592814,275,0.8203592814
492,4,867,0,0.8203592814,279,0.8203592814
492,5,603,0,0.8203592814,277,0.8203592814
492,6,981,0,0.8203592814,276,0.8203592814
492,7,595,1,0.8203592814,274,0.8203592814
492,8,720,0,0.8203592814,277,0.8203592814
492,9,918,0,0.8203592814,277,0.8203592814
493,0,885,0,2.2388059701,284,2.2388059701
493,1,578,0,2.2388059701,283,2.2388059701
493,2,580,0,2.2388059701,281,2.2388059701
493,3,610,0,2.2388059701,281,2.2388059701
493,4,647,0,2.2388059701,295,2.2388059701
493,5,708,0,2.2388059701,282,2.2388059701
493,6,598,0,2.2388059701,289,2.2388059701
493,7,556,0,2.2388059701,285,2.2388059701
493,8,600,0,2.2388059701,282,2.2388059701
493,9,616,0,2.2388059701,283,2.2388059701
494,0,639,0,0.7378640777,281,0.7378640777
494,1,591,0,0.7378640777,295,0.7378640777
494,2,530,0,0.7378640777,289,0.7378640777
494,3,561,0,0.7378640777,281,0.7378640777
494,4,562,0,0.7378640777,281,0.7378640777
494,5,577,0,0.7378640777,281,0.7378640777
494,6,572,0,0.7378640777,286,0.7378640777
494,7,595,0,0.7378640777,280,0.7378640777
494,8,940,0,0.7378640777,284,0.7378640777
494,9,993,0,0.7378640777,287,0.7378640777
495,0,556,0,0.5950413223,290,0.5950413223
495,1,544,0,0.5950413223,287,0.5950413223
495,2,538,0,0.5950413223,282,0.5950413223
495,3,558,0,0.5950413223,282,0.5950413223
495,4,942,0,0.5950413223,299,0.5950413223
495,5,906,0,0.5950413223,289,0.5950413223
495,6,584,0,0.5950413223,284,0.5950413223
495,7,580,0,0.5950413223,281,0.5950413223
495,8,702,0,0.5950413223,283,0.5950413223
495,9,554,0,0.5950413223,279,0.5950413223
757,0,2457,0,0.8264840183,1511,0.8169014085
757,1,2756,0,0.7816901408,1624,0.8591549296
757,2,2392,0,0.8630136986,1535,0.8656716418
757,3,2334,0,0.828358209,1595,0.7816901408
757,4,3500,0,0.8264840183,1608,0.7816901408
757,5,3151,0,0.888,1573,0.9084507042
757,6,2337,0,0.9012345679,1567,0.8169014085
757,7,2254,0,0.8401826484,1566,0.8656716418
757,8,2309,0,1.0365296804,1579,0.9084507042
757,9,4410,0,0.7816901408,1580,0.7828571429
758,0,2293,0,0.4602272727,1610,0.3857566766
758,1,3320,0,0.3890577508,1624,0.3951367781
758,2,2301,0,0.4609375,1618,0.3952095808
758,3,2256,0,0.5423728814,1579,0.3890577508
758,4,2276,0,0.4947916667,1627,0.4602272727
758,5,4300,0,0.3798219585,1620,0.3951367781
758,6,2829,0,0.3798219585,1588,0.3857566766
758,7,2375,0,0.3798219585,1639,0.5423728814
758,8,2684,0,0.3798219585,1545,0.4468085106
758,9,2733,0,0.4140625,1639,0.3890577508
759,0,2368,0,0.5518867925,1603,0.4425087108
759,1,2332,0,0.5820895522,1586,0.4076655052
759,2,2296,0,0.6940298507,1595,0.473880597
759,3,1985,0,1.2427843803,1604,0.4076655052
759,4,2769,0,0.4425087108,1581,0.4076655052
759,5,2947,0,0.5696517413,1570,0.4425087108
759,6,2028,0,1.2427843803,1586,0.4142614601
759,7,2402,0,0.4142614601,1644,0.4076655052
759,8,2096,0,1.1765704584,1614,0.4425087108
759,9,3589,0,0.4425087108,1587,0.473880597
760,0,3010,0,1.3225806452,1639,1.4444444444
760,1,2511,0,1.3225806452,1605,1.4444444444
760,2,2694,0,1.3225806452,1631,1.4068627451
760,3,2805,0,1.3225806452,1597,1.3756613757
760,4,2489,0,1.3225806452,1582,1.3537735849
760,5,2307,0,1.9166666667,1683,1.3666666667
760,6,2324,0,1.6611111111,1608,1.4068627451
760,7,3103,0,1.3225806452,1637,1.4385964912
760,8,2434,0,1.3225806452,1603,1.3666666667
760,9,4113,0,1.3684210526,1596,1.3225806452
761,0,2928,0,0.7376093294,1578,0.8489932886
761,1,2807,0,0.7607973422,1579,0.804664723
761,2,2226,0,1.0943877551,1581,0.74393531
761,3,2650,0,1.2806122449,1635,0.8492307692
761,4,3314,0,1.0673854447,1578,0.84
761,5,2308,0,0.9540816327,1561,0.804664723
761,6,2561,0,0.9868073879,1591,0.7784615385
761,7,2311,0,0.9540816327,1593,0.8405315615
761,8,3298,0,0.9540816327,1583,0.74393531
761,9,2540,0,0.8214285714,1586,0.74393531
762,0,2324,0,0.5351681957,1620,0.596069869
762,1,2263,0,0.6314984709,1675,0.5420944559
762,2,2514,0,0.6314984709,1631,0.4806763285
762,3,2882,0,0.7905544148,1650,0.5474209651
762,4,2321,0,0.6452991453,1683,0.4806763285
762,5,2824,0,0.7186858316,1621,0.5008319468
762,6,2804,0,0.6593886463,1706,0.5106837607
762,7,2884,0,0.6673511294,1653,0.5550458716
762,8,2770,0,0.5008319468,1690,0.4775374376
762,9,2506,0,0.6611909651,1598,0.4734299517
763,0,2331,0,2.4850299401,1605,2.2804878049
763,1,2479,0,2.5221238938,1606,2.2142857143
763,2,2400,0,2.2934131737,1609,2.3113772455
763,3,2749,0,2.1739130435,1656,2.3113772455
763,4,2555,0,9.4459459459,1604,2.3251231527
763,5,2556,0,2.5970873786,1673,2.2567567568
763,6,2454,0,2.5221238938,1563,2.2123893805
763,7,2318,0,3.2222222222,1615,2.2567567568
763,8,2717,0,2.6618357488,1605,2.0365853659
763,9,2612,0,2.1111111111,1567,2.2142857143
764,0,2443,0,1.3153153153,1661,1.0670731707
764,1,2825,0,1.2668621701,1604,1.3170731707
764,2,2501,0,1.2668621701,1603,1.2668621701
764,3,2449,0,1.43,1639,1.1825
764,4,2324,0,1.2225609756,1620,1.2393822394
764,5,3595,0,1.5945121951,1660,1.0860215054
764,6,3021,0,1.2393822394,1637,1.1382978723
764,7,3197,0,1.112804878,1676,1.2668621701
764,8,2357,0,1.3513513514,1592,1.1382978723
764,9,2765,0,1.146627566,1624,1.2668621701
765,0,3307,0,1.8170426065,1601,1.1077694236
765,1,2342,0,1.4272588055,1631,1.4121405751
765,2,2566,0,7.8771929825,1631,1.1684210526
765,3,2411,0,1.4631578947,1660,1.1684210526
765,4,2000,0,9.2727272727,1673,1.2511485452
765,5,2300,0,1.2523961661,1685,1.4121405751
765,6,2861,0,9.6842105263,1645,1.3266932271
765,7,2532,0,3.7107438017,1600,1.2912280702
765,8,2494,0,1.2271062271,1596,1.1975497703
765,9,2541,0,1.2932330827,1668,1.2912280702
874,0,4425,0,1.9122807018,3813,0.0891089109
874,1,4163,0,1.701754386,4082,0.1137440758
874,2,4162,0,1.2368421053,3941,0.0984848485
874,3,6334,0,1.8947368421,3936,0.1101321586
874,4,4991,0,2.3623188406,3946,0.095959596
874,5,4415,0,1.7076923077,3995,0.1060606061
874,6,5095,0,0.71875,4024,0.1060606061
874,7,5140,0,0.8153846154,4082,0.1047619048
874,8,4715,0,1.9076923077,4116,0.1013215859
874,9,5500,0,1.5526315789,3976,0.1059907834
875,0,4720,0,0.527027027,4138,0.0442890443
875,1,4556,0,0.5798816568,4281,0.047146402
875,2,5181,0,0.4444444444,4122,0.0451306413
875,3,4168,0,0.6178343949,4078,0.0454545455
875,4,4234,0,0.5810810811,4215,0.0520446097
875,5,5018,0,0.5175438596,4092,0.0473372781
875,6,7379,0,0.0635294118,4235,0.0536130536
875,7,4764,0,0.4968152866,4238,0.0497237569
875,8,6691,0,0.0547945205,4085,0.0454545455
875,9,4993,0,0.5147928994,4331,0.0428571429
876,0,4049,0,0.4019607843,4012,0.0367231638
876,1,4180,0,0.3614864865,4122,0.0346907994
876,2,5389,0,0.3986486486,4176,0.0348837209
876,3,4074,0,0.3795620438,4016,0.0346907994
876,4,4831,0,0.4714285714,4109,0.0364963504
876,5,5987,0,0.5646687697,3999,0.0410094637
876,6,4510,0,0.3986486486,4174,0.0367231638
876,7,4793,0,0.36492891,4138,0.0402930403
876,8,4077,0,0.3665893271,4011,0.0354223433
876,9,4381,0,0.4609929078,4005,0.0367231638
877,0,5611,0,3.5714285714,3962,0.2571428571
877,1,5015,0,2.9846153846,3809,0.2276422764
877,2,5716,0,2.9,3838,0.2901234568
877,3,6863,0,2.1,4030,0.2692307692
877,4,4526,0,2.9846153846,4032,0.2359550562
877,5,5745,0,0.3641025641,4025,0.2409638554
877,6,4881,0,0.4772727273,4028,0.2359550562
877,7,5362,0,0.6083916084,3986,0.234939759
877,8,6075,0,0.6049382716,3891,0.2359550562
877,9,4823,0,2.9,3861,0.2359550562
878,0,5509,0,0.154028436,3856,0.1016949153
878,1,4173,0,0.75,3923,0.1004366812
878,2,5740,0,0.198630137,3871,0.1073446328
878,3,4958,0,0.8072289157,3897,0.1037527594
878,4,5866,0,0.1719197708,3799,0.12
878,5,6981,0,0.144549763,3657,0.1073446328
878,6,6461,0,0.1489971347,3853,0.1018957346
878,7,4960,0,0.797979798,3832,0.1041666667
878,8,5664,0,0.9634146341,3915,0.1118012422
878,9,4790,0,0.9851190476,3986,0.1208333333
879,0,5220,0,0.5210526316,4016,0.098245614
879,1,6097,0,0.1595330739,4011,0.0963855422
879,2,4909,0,0.743902439,3817,0.0886075949
879,3,5488,0,0.2023346304,3945,0.099137931
879,4,4132,0,0.9144385027,3977,0.087628866
879,5,3972,0,0.8473684211,3802,0.0904761905
879,6,5483,0,0.1016042781,3868,0.0909090909
879,7,4280,0,0.5344827586,3927,0.0923694779
879,8,5805,0,0.2073490814,4132,0.0842105263
879,9,4611,0,0.9132947977,3949,0.0963855422
880,0,5447,0,2.5588235294,3955,0.3586956522
880,1,4275,0,3.1071428571,3870,0.4133333333
880,2,4864,0,4.0217391304,3879,0.3920454545
880,3,7234,0,0.7195767196,3857,0.3598130841
880,4,4270,0,4.0674157303,3977,0.3823529412
880,5,4936,0,3.2352941176,3881,0.4055299539
880,6,5759,0,0.5420560748,3761,0.3409090909
880,7,6469,0,0.8433179724,3771,0.3672566372
880,8,5862,0,0.4971428571,3900,0.3483146067
880,9,4433,0,2.5652173913,4041,0.5
881,0,4462,0,1.8367346939,3972,0.1993243243
881,1,3897,0,2,4107,0.1933701657
881,2,4534,0,1.8243243243,3892,0.1937172775
881,3,4120,0,1.9954545455,3921,0.2268907563
881,4,4351,0,2.4770642202,3957,0.1946902655
881,5,4476,0,2.3781512605,3902,0.2027027027
881,6,5951,0,0.3074074074,3969,0.2018348624
881,7,6910,0,0.2303664921,4015,0.177852349
881,8,4749,0,1.7804878049,4241,0.2466666667
881,9,5171,0,3.0169491525,3959,0.1961538462
882,0,4107,0,0.9042553191,3987,0.1356466877
882,1,5182,0,1.2048192771,4210,0.1170212766
882,2,4441,0,0.7957446809,4327,0.1089108911
882,3,6110,0,0.1616915423,4102,0.1067323481
882,4,4730,0,0.806122449,4074,0.0926966292
882,5,7387,0,0.1535714286,4199,0.1292134831
882,6,4761,0,0.8170212766,4257,0.1014150943
882,7,4895,0,1.365248227,4143,0.1173184358
882,8,4232,0,0.8125,4083,0.1179775281
882,9,5898,0,0.1769662921,4325,0.1179775281
1675,0,4410,0,21.8095238095,4407,2.908045977
1675,1,7874,0,25.4,4529,2.9295774648
1675,2,5199,0,33.2857142857,4609,2.9318181818
1675,3,5286,0,32.32,4469,2.7619047619
1675,4,5235,0,23.9152542373,4412,2.7368421053
1675,5,6903,0,5.7866666667,4602,3.3157894737
1675,6,6180,0,23.9152542373,4613,2.9078947368
1675,7,5445,0,22.2,4505,2.7315436242
1675,8,5536,0,22.2912621359,4472,2.8965517241
1675,9,6036,0,21.8101265823,4671,3
1676,0,6000,0,21.7037037037,4477,1.0859106529
1676,1,4441,0,15.6524822695,4859,1.3678756477
1676,2,4910,0,21.9259259259,4550,1.2978723404
1676,3,4946,0,14.6067961165,4224,1.2826086957
1676,4,5791,0,13.3947368421,4530,1.5531914894
1676,5,5936,0,14.6067961165,4290,1.0528846154
1676,6,5820,0,14.6067961165,4484,1.2978723404
1676,7,5887,0,11.4299065421,4266,1.1558441558
1676,8,6847,0,1.9270072993,4468,1.1602209945
1676,9,5222,0,10.6740740741,4261,1.3300970874
1677,0,4279,0,7.5898876404,4537,0.9399141631
1677,1,4984,0,17.1413043478,4356,1.0266343826
1677,2,5130,0,49.4,4449,0.8354755784
1677,3,4702,0,17.5942028986,4580,0.8055555556
1677,4,6549,0,11.1041666667,4472,0.843575419
1677,5,4581,0,9.5579399142,4462,0.9137931034
1677,6,6598,0,11.2368421053,4375,0.8963210702
1677,7,5220,0,8.4210526316,4460,0.8535031847
1677,8,6045,0,10.7291666667,4542,0.8598726115
1677,9,4828,0,32.5869565217,4428,0.8370786517
1678,0,5251,0,32.2826086957,4369,4.1639344262
1678,1,6471,0,5.1419354839,4387,4.5378151261
1678,2,5451,0,38.1470588235,4385,5.4
1678,3,4914,0,32.8133333333,4591,4.2567567568
1678,4,4675,0,32.2826086957,4464,3.5526315789
1678,5,5738,0,32.3032258065,4768,3.6103896104
1678,6,5396,0,31.961038961,4552,3.5526315789
1678,7,5166,0,46.6086956522,4635,3.5064935065
1678,8,4370,0,41.9565217391,4497,3.5064935065
1678,9,6944,0,4.62,4447,3.7868852459
1679,0,4423,0,30.9027777778,4627,3.11875
1679,1,4915,0,23.4655172414,4373,3.0303030303
1679,2,4933,0,22.8636363636,4493,3.138996139
1679,3,4419,0,27.4952380952,4507,3.425
1679,4,5184,0,29.7586206897,4653,3.3841269841
1679,5,4936,0,38.3620689655,4327,2.8545454545
1679,6,4516,0,29.4186046512,4334,3.0484848485
1679,7,4262,0,31,4403,4.1818181818
1679,8,4779,0,44.5909090909,4523,2.8545454545
1679,9,4965,0,27.4952380952,4541,2.5875
1680,0,5472,0,26.2947976879,4560,2.6541353383
1680,1,6794,0,3.5313174946,4766,2.7067669173
1680,2,4731,0,23.4615384615,4593,2.1730769231
1680,3,5074,0,23.0281690141,4707,2.3641456583
1680,4,4538,0,23.4615384615,4702,2.4553072626
1680,5,4874,0,35.3686440678,4541,2.2288135593
1680,6,5225,0,48.8076923077,4570,2.2776470588
1680,7,5603,0,55.2734375,4551,2.4901960784
1680,8,6751,0,5.9788235294,4704,2.3377483444
1680,9,5255,0,26.1988304094,4513,2.3631284916
1681,0,6696,0,145.53125,4497,11.9433962264
1681,1,4424,1,199.2,4314,11.3533834586
1681,2,4929,0,97.8201438849,4279,10.7794117647
1681,3,5557,0,159.6153846154,4385,10.8245614035
1681,4,4524,0,146.1315789474,4198,10.9047619048
1681,5,4328,0,108.25,4429,12.0877192982
1681,6,5467,0,145.0666666667,4515,11.3823529412
1681,7,4825,0,146.2790697674,4268,11.6992481203
1681,8,5795,0,127.5833333333,4587,13.0153846154
1681,9,4562,0,102.1230769231,4355,12.2536231884
1682,0,5323,0,68.1842105263,4629,4.2352941176
1682,1,4349,0,51.2458100559,4043,4.3925925926
1682,2,5288,0,43.5789473684,4366,4.4906832298
1682,3,4539,0,61.5202312139,4317,4.40433213
1682,4,6132,0,6.3798701299,4546,4.2546583851
1682,5,5187,0,35.7106918239,4517,4.6397515528
1682,6,5007,0,63.0526315789,4245,4.2546583851
1682,7,4657,0,56.7523809524,4465,4.7861271676
1682,8,4726,0,43.8949579832,4519,4.7034482759
1682,9,5909,0,81.5142857143,4392,4.752173913
1683,0,4984,0,25.1,4362,3.1772151899
1683,1,5578,0,25.5957446809,4610,3.8810572687
1683,2,5971,0,5.0037453184,4560,3.1253333333
1683,3,5468,0,23.8,4528,3.7786666667
1683,4,6335,0,24.0913461538,4326,3.4715447154
1683,5,4925,0,33.5384615385,4440,3.1788617886
1683,6,4767,0,27.0965909091,4351,3.1714922049
1683,7,7016,0,36.3780487805,4371,3.3548387097
1683,8,5199,0,30.7235772358,4596,3.3798076923
1683,9,6452,0,3.7459677419,4538,3.9943181818
3376,0,691,0,0.2233009709,386,0.2233009709
3376,1,912,0,0.2233009709,395,0.2233009709
3376,2,671,0,0.2233009709,389,0.2233009709
3376,3,894,0,0.2233009709,284,0.2233009709
3376,4,945,0,0.2233009709,391,0.2233009709
3376,5,597,0,0.2233009709,346,0.2233009709
3376,6,627,0,0.2233009709,400,0.2233009709
3376,7,539,0,0.2233009709,393,0.2233009709
3376,8,593,0,0.2233009709,381,0.2233009709
3376,9,573,0,0.2233009709,324,0.2233009709
3377,0,588,0,0.775,361,0.775
3377,1,664,0,0.775,362,0.775
3377,2,633,0,0.775,369,0.775
3377,3,627,0,0.775,379,0.775
3377,4,528,0,0.775,282,0.775
3377,5,988,0,0.775,263,0.775
3377,6,688,0,0.775,372,0.775
3377,7,953,0,0.775,262,0.775
3377,8,622,0,0.775,295,0.775
3377,9,611,0,0.775,388,0.775
3378,0,588,0,0.1201413428,318,0.1201413428
3378,1,901,0,0.1201413428,355,0.1201413428
3378,2,749,0,0.1201413428,374,0.1201413428
3378,3,779,0,0.1201413428,360,0.1201413428
3378,4,993,0,0.1201413428,325,0.1201413428
3378,5,907,0,0.1201413428,380,0.1201413428
3378,6,951,0,0.1201413428,304,0.1201413428
3378,7,846,0,0.1201413428,267,0.1201413428
3378,8,568,0,0.1201413428,266,0.1201413428
3378,9,604,0,0.1201413428,396,0.1201413428
3379,0,638,0,0.4832214765,281,0.4832214765
3379,1,643,0,0.4832214765,301,0.4832214765
3379,2,573,0,0.4832214765,317,0.4832214765
3379,3,858,0,0.4832214765,316,0.4832214765
3379,4,811,0,0.4832214765,265,0.4832214765
3379,5,561,0,0.4832214765,266,0.4832214765
3379,6,852,0,0.4832214765,271,0.4832214765
3379,7,590,0,0.4832214765,307,0.4832214765
3379,8,607,0,0.4832214765,379,0.4832214765
3379,9,738,0,0.4832214765,379,0.4832214765
3380,0,749,0,0.7434554974,371,0.7434554974
3380,1,715,0,0.7434554974,379,0.7434554974
3380,2,508,0,0.7434554974,391,0.7434554974
3380,3,1068,0,0.7434554974,376,0.7434554974
3380,4,973,0,0.7434554974,268,0.7434554974
3380,5,629,0,0.7434554974,270,0.7434554974
3380,6,570,0,0.7434554974,277,0.7434554974
3380,7,689,0,0.7434554974,269,0.7434554974
3380,8,769,0,0.7434554974,271,0.7434554974
3380,9,591,0,0.7434554974,269,0.7434554974
3381,0,1068,0,0.2846441948,353,0.2846441948
3381,1,1174,0,0.2846441948,379,0.2846441948
3381,2,814,0,0.2846441948,384,0.2846441948
3381,3,841,0,0.2846441948,271,0.2846441948
3381,4,593,0,0.2846441948,389,0.2846441948
3381,5,556,0,0.2846441948,291,0.2846441948
3381,6,632,0,0.2846441948,272,0.2846441948
3381,7,530,0,0.2846441948,268,0.2846441948
3381,8,541,0,0.2846441948,280,0.2846441948
3381,9,794,0,0.2846441948,272,0.2846441948
3382,0,538,0,1.3098591549,271,1.3098591549
3382,1,658,0,1.3098591549,272,1.3098591549
3382,2,561,0,1.3098591549,314,1.3098591549
3382,3,532,0,1.3098591549,275,1.3098591549
3382,4,528,0,1.3098591549,302,1.3098591549
3382,5,936,0,1.3098591549,284,1.3098591549
3382,6,586,0,1.3098591549,276,1.3098591549
3382,7,652,0,1.3098591549,390,1.3098591549
3382,8,598,0,1.3098591549,271,1.3098591549
3382,9,533,0,1.3098591549,309,1.3098591549
3383,0,610,0,0.4847161572,289,0.4847161572
3383,1,557,0,0.4847161572,382,0.4847161572
3383,2,529,0,0.4847161572,386,0.4847161572
3383,3,541,0,0.4847161572,279,0.4847161572
3383,4,552,0,0.4847161572,383,0.4847161572
3383,5,561,0,0.4847161572,276,0.4847161572
3383,6,697,0,0.4847161572,269,0.4847161572
3383,7,735,0,0.4847161572,385,0.4847161572
3383,8,695,0,0.4847161572,324,0.4847161572
3383,9,560,0,0.4847161572,358,0.4847161572
3384,0,500,0,0.1808278867,265,0.1808278867
3384,1,534,0,0.1808278867,269,0.1808278867
3384,2,619,0,0.1808278867,277,0.1808278867
3384,3,620,0,0.1808278867,273,0.1808278867
3384,4,624,0,0.1808278867,285,0.1808278867
3384,5,555,0,0.1808278867,276,0.1808278867
3384,6,549,0,0.1808278867,274,0.1808278867
3384,7,621,0,0.1808278867,270,0.1808278867
3384,8,605,0,0.1808278867,272,0.1808278867
3384,9,594,0,0.1808278867,382,0.1808278867
3727,0,569,0,0.6290322581,269,0.6290322581
3727,1,565,0,0.6290322581,276,0.6290322581
3727,2,546,0,0.6290322581,378,0.6290322581
3727,3,567,0,0.6290322581,268,0.6290322581
3727,4,807,0,0.6290322581,272,0.6290322581
3727,5,540,0,0.6290322581,367,0.6290322581
3727,6,563,0,0.6290322581,353,0.6290322581
3727,7,542,0,0.6290322581,289,0.6290322581
3727,8,517,0,0.6290322581,268,0.6290322581
3727,9,508,0,0.6290322581,297,0.6290322581
3728,0,566,0,0.0869565217,379,0.0869565217
3728,1,642,0,0.0869565217,291,0.0869565217
3728,2,545,0,0.0869565217,376,0.0869565217
3728,3,532,0,0.0869565217,377,0.0869565217
3728,4,553,0,0.0869565217,277,0.0869565217
3728,5,525,0,0.0869565217,276,0.0869565217
3728,6,549,0,0.0869565217,285,0.0869565217
3728,7,663,0,0.0869565217,359,0.0869565217
3728,8,545,0,0.0869565217,276,0.0869565217
3728,9,923,0,0.0869565217,352,0.0869565217
3729,0,896,0,0.0970149254,268,0.0970149254
3729,1,923,0,0.0970149254,273,0.0970149254
3729,2,637,0,0.0970149254,274,0.0970149254
3729,3,529,0,0.0970149254,312,0.0970149254
3729,4,508,0,0.0970149254,380,0.0970149254
3729,5,508,0,0.0970149254,381,0.0970149254
3729,6,495,0,0.0970149254,307,0.0970149254
3729,7,501,0,0.0970149254,268,0.0970149254
3729,8,532,0,0.0970149254,313,0.0970149254
3729,9,522,0,0.0970149254,271,0.0970149254
3730,0,563,0,0.3764705882,362,0.3764705882
3730,1,573,0,0.3764705882,290,0.3764705882
3730,2,585,0,0.3764705882,378,0.3764705882
3730,3,561,0,0.3764705882,386,0.3764705882
3730,4,578,0,0.3764705882,377,0.3764705882
3730,5,562,0,0.3764705882,378,0.3764705882
3730,6,554,0,0.3764705882,279,0.3764705882
3730,7,853,0,0.3764705882,359,0.3764705882
3730,8,549,0,0.3764705882,273,0.3764705882
3730,9,550,0,0.3764705882,381,0.3764705882
3731,0,539,0,1.1450381679,389,1.1450381679
3731,1,568,0,1.1450381679,290,1.1450381679
3731,2,963,0,1.1450381679,275,1.1450381679
3731,3,515,0,1.1450381679,287,1.1450381679
3731,4,526,0,1.1450381679,397,1.1450381679
3731,5,912,0,1.1450381679,401,1.1450381679
3731,6,543,0,1.1450381679,346,1.1450381679
3731,7,565,0,1.1450381679,364,1.1450381679
3731,8,531,0,1.1450381679,290,1.1450381679
3731,9,545,0,1.1450381679,297,1.1450381679
3732,0,924,0,0.185528757,270,0.185528757
3732,1,565,0,0.185528757,265,0.185528757
3732,2,516,0,0.185528757,266,0.185528757
3732,3,510,0,0.185528757,269,0.185528757
3732,4,529,0,0.185528757,266,0.185528757
3732,5,522,0,0.185528757,270,0.185528757
3732,6,514,0,0.185528757,265,0.185528757
3732,7,515,0,0.185528757,267,0.185528757
3732,8,524,0,0.185528757,378,0.185528757
3732,9,537,0,0.185528757,266,0.185528757
3733,0,629,0,1.0857142857,376,1.0857142857
3733,1,562,0,1.0857142857,275,1.0857142857
3733,2,553,0,1.0857142857,382,1.0857142857
3733,3,566,0,1.0857142857,282,1.0857142857
3733,4,598,0,1.0857142857,314,1.0857142857
3733,5,559,0,1.0857142857,377,1.0857142857
3733,6,816,0,1.0857142857,375,1.0857142857
3733,7,564,0,1.0857142857,275,1.0857142857
3733,8,567,0,1.0857142857,282,1.0857142857
3733,9,559,0,1.0857142857,270,1.0857142857
3734,0,788,0,0.5109717868,387,0.5109717868
3734,1,558,0,0.5109717868,273,0.5109717868
3734,2,528,0,0.5109717868,273,0.5109717868
3734,3,534,0,0.5109717868,278,0.5109717868
3734,4,530,0,0.5109717868,280,0.5109717868
3734,5,560,0,0.5109717868,278,0.5109717868
3734,6,517,0,0.5109717868,386,0.5109717868
3734,7,537,0,0.5109717868,275,0.5109717868
3734,8,543,0,0.5109717868,365,0.5109717868
3734,9,548,0,0.5109717868,272,0.5109717868
3735,0,537,0,0.2195767196,344,0.2195767196
3735,1,631,0,0.2195767196,277,0.2195767196
3735,2,925,0,0.2195767196,268,0.2195767196
3735,3,628,0,0.2195767196,281,0.2195767196
3735,4,566,0,0.2195767196,270,0.2195767196
3735,5,540,0,0.2195767196,267,0.2195767196
3735,6,599,0,0.2195767196,270,0.2195767196
3735,7,546,0,0.2195767196,285,0.2195767196
3735,8,536,0,0.2195767196,377,0.2195767196
3735,9,542,0,0.2195767196,269,0.2195767196
4015,0,5826,0,222,8224,7
4015,1,6454,0,153.36,7719,7.7222222222
4015,2,5842,0,153.36,9057,7.3928571429
4015,3,5898,0,153.36,8833,8.5714285714
4015,4,6130,0,113.28,7088,7.48
4015,5,5982,0,112.5555555556,6672,7.8076923077
4015,6,5628,0,153.36,7288,6.4444444444
4015,7,5407,1,85.5,8310,7.0869565217
4015,8,6426,0,91.5,9000,7.9285714286
4015,9,6274,0,150.6,6695,9.5357142857
4016,0,5672,0,81.9777777778,6436,4.1034482759
4016,1,5714,0,203,6814,4.3958333333
4016,2,6613,0,63.7058823529,6814,4.3965517241
4016,3,5839,0,82.0212765957,7591,3.8631578947
4016,4,5657,0,81.8823529412,8431,4.0188679245
4016,5,5848,0,64.0625,8121,3.8157894737
4016,6,5675,0,90.8823529412,7692,4.2543859649
4016,7,6378,0,170.5454545455,7712,4.1929824561
4016,8,5855,0,65.06,7925,4.03125
4016,9,6039,0,43.0416666667,7127,4.3965517241
4017,0,6544,0,29.9523809524,5355,2.0952380952
4017,1,7835,0,6.358974359,9194,2.35
4017,2,6029,0,32.1,7853,2.0820895522
4017,3,6160,0,32.1,6551,2.3258426966
4017,4,6446,0,51.3157894737,6645,2
4017,5,6497,0,51.3157894737,7962,2.816091954
4017,6,6082,0,32.5238095238,7055,2.1315789474
4017,7,7049,0,29.9,8005,2.223880597
4017,8,6064,0,39.8181818182,6624,2.3076923077
4017,9,5777,0,23.3902439024,6240,2.68
4018,0,6398,0,293.4,7668,16.25
4018,1,5692,0,548.6666666667,9090,14.8529411765
4018,2,6961,0,304.125,6690,14.7352941176
4018,3,5908,0,389,7008,15.4897959184
4018,4,6728,0,164.0666666667,8812,15.8787878788
4018,5,6472,0,141.5333333333,6688,15.1666666667
4018,6,5391,0,274,9462,12.9666666667
4018,7,5774,0,167.6,9074,15.5
4018,8,5847,0,273.1818181818,6462,16.375
4018,9,7674,0,391,8467,15.7878787879
4019,0,5728,0,130.6,7349,7.71875
4019,1,6585,0,178.75,6712,8.2333333333
4019,2,7227,0,69.5,7826,6.1666666667
4019,3,8278,0,21.597826087,8054,8.4339622642
4019,4,5983,0,146.5333333333,5898,7.6216216216
4019,5,6494,1,69.5,7256,9.8918918919
4019,6,7084,0,121.4285714286,7432,7.8333333333
4019,7,4972,0,121.6136363636,7634,7.1428571429
4019,8,5408,0,178.75,7705,8.5217391304
4019,9,6160,0,86.9285714286,6062,6.5306122449
4020,0,5638,0,108.3703703704,5704,5.3037974684
4020,1,6203,0,56.7902097902,6931,5.1728395062
4020,2,6295,0,64.2336448598,5768,4.9891304348
4020,3,5682,0,50.2,6115,5.8795180723
4020,4,6269,0,107.7636363636,9250,4.625
4020,5,5073,0,51.097826087,7367,5.0149253731
4020,6,6750,0,97.6329113924,5652,5.4431818182
4020,7,6923,0,75.843373494,8772,4.5240384615
4020,8,5370,0,69.6865671642,5938,4.8043478261
4020,9,7058,0,98.359375,6596,5.3043478261
4021,0,6123,0,299.1904761905,7891,22.6
4021,1,6810,0,320.5,8279,21.4912280702
4021,2,6608,0,404.7826086957,8379,25.875
4021,3,5855,0,393.2222222222,7066,19.46875
4021,4,7706,0,390.6666666667,7126,25.3928571429
4021,5,6048,0,210.5,6315,22.1785714286
4021,6,6046,0,299.3333333333,8284,27.1785714286
4021,7,7245,0,492.2666666667,5873,20.5714285714
4021,8,6573,0,320.3333333333,6274,22.9411764706
4021,9,6417,0,320.28125,5759,23.5614035088
4022,0,5931,0,186.6111111111,7270,10.462962963
4022,1,6499,0,134.2857142857,8464,9.4724409449
4022,2,5792,0,128.0898876405,8288,10.0222222222
4022,3,6538,0,130.4583333333,8365,10.1527777778
4022,4,6958,0,156.8,8925,9.8267716535
4022,5,5943,0,134.4651162791,7651,10.6551724138
4022,6,7355,0,122.21875,8476,9.024691358
4022,7,6086,0,231.7906976744,6116,10.488372093
4022,8,6566,0,105.5384615385,6852,13.0677966102
4022,9,5696,0,105.8235294118,6990,11.390625
4023,0,6973,0,97.3563218391,6071,5.35
4023,1,6753,0,108.7,9391,4.8787878788
4023,2,5743,0,124.875,6144,5.35
4023,3,6425,0,97.2142857143,9183,5.864
4023,4,5669,0,94.6714285714,7442,4.9527027027
4023,5,5992,0,108.7,7474,5.0418848168
4023,6,6586,0,108.92,6691,4.8608695652
4023,7,5801,0,123.5833333333,9076,4.472
4023,8,5764,0,108.7,7874,5.0315789474
4023,9,6010,0,67.2345679012,7132,5.38
4195,0,943,0,25.1818181818,406,25.1818181818
4195,1,1068,0,25.1818181818,398,25.1818181818
4195,2,1037,0,25.1818181818,291,25.1818181818
4195,3,1028,0,25.1818181818,290,25.1818181818
4195,4,832,0,25.1818181818,317,25.1818181818
4195,5,1009,0,25.1818181818,388,25.1818181818
4195,6,988,0,25.1818181818,354,25.1818181818
4195,7,813,0,25.1818181818,292,25.1818181818
4195,8,829,0,25.1818181818,307,25.1818181818
4195,9,1008,0,25.1818181818,395,25.1818181818
4196,0,608,0,5.5714285714,322,5.5714285714
4196,1,566,0,5.5714285714,317,5.5714285714
4196,2,560,0,5.5714285714,306,5.5714285714
4196,3,763,0,5.5714285714,302,5.5714285714
4196,4,849,0,5.5714285714,301,5.5714285714
4196,5,572,0,5.5714285714,299,5.5714285714
4196,6,536,0,5.5714285714,301,5.5714285714
4196,7,571,0,5.5714285714,294,5.5714285714
4196,8,638,0,5.5714285714,301,5.5714285714
4196,9,993,0,5.5714285714,309,5.5714285714
4197,0,842,0,10.625,405,10.625
4197,1,962,0,10.625,308,10.625
4197,2,885,0,10.625,288,10.625
4197,3,646,0,10.625,289,10.625
4197,4,673,0,10.625,400,10.625
4197,5,859,0,10.625,367,10.625
4197,6,684,0,10.625,328,10.625
4197,7,624,0,10.625,286,10.625
4197,8,614,0,10.625,405,10.625
4197,9,836,0,10.625,292,10.625
4198,0,827,0,51.5,292,51.5
4198,1,608,0,51.5,288,51.5
4198,2,910,0,51.5,285,51.5
4198,3,589,0,51.5,303,51.5
4198,4,580,0,51.5,312,51.5
4198,5,561,0,51.5,290,51.5
4198,6,754,0,51.5,290,51.5
4198,7,604,0,51.5,285,51.5
4198,8,618,0,51.5,384,51.5
4198,9,702,0,51.5,364,51.5
4199,0,1088,0,5.6315789474,289,5.6315789474
4199,1,1241,0,5.6315789474,296,5.6315789474
4199,2,1236,0,5.6315789474,292,5.6315789474
4199,3,1193,0,5.6315789474,295,5.6315789474
4199,4,1158,0,5.6315789474,287,5.6315789474
4199,5,1014,0,5.6315789474,324,5.6315789474
4199,6,987,0,5.6315789474,288,5.6315789474
4199,7,1245,0,5.6315789474,285,5.6315789474
4199,8,1077,0,5.6315789474,350,5.6315789474
4199,9,1052,0,5.6315789474,282,5.6315789474
4200,0,776,0,7.3636363636,297,7.3636363636
4200,1,761,0,7.3636363636,375,7.3636363636
4200,2,755,0,7.3636363636,304,7.3636363636
4200,3,808,0,7.3636363636,381,7.3636363636
4200,4,968,0,7.3636363636,305,7.3636363636
4200,5,775,0,7.3636363636,294,7.3636363636
4200,6,991,0,7.3636363636,312,7.3636363636
4200,7,934,0,7.3636363636,293,7.3636363636
4200,8,1062,0,7.3636363636,379,7.3636363636
4200,9,1236,0,7.3636363636,282,7.3636363636
4201,0,926,0,61.4285714286,292,61.4285714286
4201,1,755,0,61.4285714286,289,61.4285714286
4201,2,662,0,61.4285714286,295,61.4285714286
4201,3,865,0,61.4285714286,288,61.4285714286
4201,4,800,0,61.4285714286,308,61.4285714286
4201,5,657,0,61.4285714286,330,61.4285714286
4201,6,708,0,61.4285714286,398,61.4285714286
4201,7,852,0,61.4285714286,377,61.4285714286
4201,8,676,0,61.4285714286,297,61.4285714286
4201,9,627,0,61.4285714286,337,61.4285714286
4202,0,1055,0,19.5384615385,410,19.5384615385
4202,1,710,0,19.5384615385,403,19.5384615385
4202,2,743,0,19.5384615385,291,19.5384615385
4202,3,739,0,19.5384615385,291,19.5384615385
4202,4,847,0,19.5384615385,282,19.5384615385
4202,5,695,0,19.5384615385,286,19.5384615385
4202,6,1069,0,19.5384615385,298,19.5384615385
4202,7,581,0,19.5384615385,299,19.5384615385
4202,8,771,0,19.5384615385,305,19.5384615385
4202,9,682,0,19.5384615385,361,19.5384615385
4203,0,817,0,8.7631578947,319,8.7631578947
4203,1,834,0,8.7631578947,417,8.7631578947
4203,2,1193,0,8.7631578947,362,8.7631578947
4203,3,1114,0,8.7631578947,290,8.7631578947
4203,4,900,0,8.7631578947,290,8.7631578947
4203,5,1189,0,8.7631578947,288,8.7631578947
4203,6,1035,0,8.7631578947,293,8.7631578947
4203,7,1063,0,8.7631578947,402,8.7631578947
4203,8,1182,0,8.7631578947,368,8.7631578947
4203,9,1121,0,8.7631578947,342,8.7631578947
4204,0,849,0,15.3333333333,291,15.3333333333
4204,1,1183,0,15.3333333333,313,15.3333333333
4204,2,1206,0,15.3333333333,381,15.3333333333
4204,3,1214,0,15.3333333333,321,15.3333333333
4204,4,1252,0,15.3333333333,327,15.3333333333
4204,5,997,0,15.3333333333,291,15.3333333333
4204,6,933,0,15.3333333333,288,15.3333333333
4204,7,1306,0,15.3333333333,307,15.3333333333
4204,8,1157,0,15.3333333333,298,15.3333333333
4204,9,1090,0,15.3333333333,354,15.3333333333
4205,0,782,0,34,409,34
4205,1,894,0,34,289,34
4205,2,595,0,34,286,34
4205,3,929,0,34,294,34
4205,4,618,0,34,292,34
4205,5,576,0,34,321,34
4205,6,864,0,34,429,34
4205,7,614,0,34,421,34
4205,8,604,0,34,290,34
4205,9,667,0,34,399,34
4206,0,528,0,3.5333333333,418,3.5333333333
4206,1,974,0,3.5333333333,306,3.5333333333
4206,2,997,0,3.5333333333,298,3.5333333333
4206,3,926,0,3.5333333333,307,3.5333333333
4206,4,655,0,3.5333333333,319,3.5333333333
4206,5,768,0,3.5333333333,332,3.5333333333
4206,6,601,0,3.5333333333,297,3.5333333333
4206,7,536,0,3.5333333333,294,3.5333333333
4206,8,548,0,3.5333333333,301,3.5333333333
4206,9,607,0,3.5333333333,288,3.5333333333
4207,0,628,0,74.1666666667,305,74.1666666667
4207,1,575,0,74.1666666667,310,74.1666666667
4207,2,802,0,74.1666666667,318,74.1666666667
4207,3,567,0,74.1666666667,426,74.1666666667
4207,4,649,0,74.1666666667,302,74.1666666667
4207,5,977,0,74.1666666667,424,74.1666666667
4207,6,593,0,74.1666666667,299,74.1666666667
4207,7,537,0,74.1666666667,302,74.1666666667
4207,8,1045,0,74.1666666667,333,74.1666666667
4207,9,792,0,74.1666666667,326,74.1666666667
4208,0,1097,0,13.5714285714,338,13.5714285714
4208,1,892,0,13.5714285714,412,13.5714285714
4208,2,988,0,13.5714285714,289,13.5714285714
4208,3,848,0,13.5714285714,298,13.5714285714
4208,4,1076,0,13.5714285714,298,13.5714285714
4208,5,903,0,13.5714285714,286,13.5714285714
4208,6,915,0,13.5714285714,285,13.5714285714
4208,7,818,0,13.5714285714,399,13.5714285714
4208,8,752,0,13.5714285714,296,13.5714285714
4208,9,816,0,13.5714285714,287,13.5714285714
4209,0,1011,0,10,423,10
4209,1,615,0,10,401,10
4209,2,562,0,10,293,10
4209,3,573,0,10,295,10
4209,4,604,0,10,363,10
4209,5,706,0,10,293,10
4209,6,617,0,10,392,10
4209,7,649,0,10,294,10
4209,8,593,0,10,391,10
4209,9,758,0,10,304,10
4210,0,756,0,28,401,28
4210,1,996,0,28,321,28
4210,2,882,0,28,298,28
4210,3,600,0,28,297,28
4210,4,654,0,28,303,28
4210,5,606,0,28,290,28
4210,6,666,0,28,285,28
4210,7,748,0,28,285,28
4210,8,688,0,28,398,28
4210,9,852,0,28,286,28
4211,0,929,0,39.7222222222,303,39.7222222222
4211,1,636,0,39.7222222222,324,39.7222222222
4211,2,998,0,39.7222222222,380,39.7222222222
4211,3,913,0,39.7222222222,419,39.7222222222
4211,4,690,0,39.7222222222,398,39.7222222222
4211,5,1036,0,39.7222222222,355,39.7222222222
4211,6,729,0,39.7222222222,302,39.7222222222
4211,7,582,0,39.7222222222,300,39.7222222222
4211,8,537,0,39.7222222222,326,39.7222222222
4211,9,563,0,39.7222222222,322,39.7222222222
4212,0,1140,0,9.2307692308,438,9.2307692308
4212,1,1047,0,9.2307692308,438,9.2307692308
4212,2,844,0,9.2307692308,411,9.2307692308
4212,3,1017,0,9.2307692308,400,9.2307692308
4212,4,1224,0,9.2307692308,348,9.2307692308
4212,5,1114,0,9.2307692308,294,9.2307692308
4212,6,1209,0,9.2307692308,294,9.2307692308
4212,7,1245,0,9.2307692308,296,9.2307692308
4212,8,963,0,9.2307692308,387,9.2307692308
4212,9,825,0,9.2307692308,305,9.2307692308
4402,0,2622,0,5.0697674419,2052,3
4402,1,2647,0,4.9117647059,2278,3.1282051282
4402,2,2378,0,21.4444444444,2079,3.1875
4402,3,3578,0,6.5769230769,2929,3.4230769231
4402,4,3241,0,3.2325581395,2020,3.2058823529
4402,5,2429,0,28.125,2055,3.2058823529
4402,6,3266,0,3.8717948718,2437,3.0689655172
4402,7,2249,0,15.375,2045,3.0833333333
4402,8,2330,0,21.4444444444,2002,2.8965517241
4402,9,2905,0,25,2104,2.7948717949
4403,0,2395,0,9,1972,1.7619047619
4403,1,3691,0,2.2692307692,2385,2.0222222222
4403,2,2425,0,9,2057,1.7142857143
4403,3,2303,0,11.4,1974,1.632183908
4403,4,2586,0,3.6091954023,2075,1.8571428571
4403,5,2724,0,2.5128205128,2513,1.8571428571
4403,6,2943,0,2.0256410256,2021,1.6984126984
4403,7,2906,0,9.0625,1910,1.7619047619
4403,8,3061,0,2.183908046,1977,1.5714285714
4403,9,2596,0,9,2276,1.8857142857
4404,0,2304,0,6.0344827586,1971,1.7246376812
4404,1,3124,0,1.5842696629,2118,1.4516129032
4404,2,3115,0,1.7844827586,2089,1.6275862069
4404,3,2338,0,6.7058823529,2036,1.3375796178
4404,4,2691,0,2.3258426966,2691,1.3518518519
4404,5,2618,0,2.7724137931,1979,1.9193548387
4404,6,2938,0,2.0674157303,1885,1.7246376812
4404,7,2584,0,2.3258426966,1921,1.6482758621
4404,8,2711,0,2.2611464968,2058,1.4413793103
4404,9,2613,0,1.8314606742,1998,1.6666666667
4405,0,2773,0,11.8536585366,2265,9.2857142857
4405,1,2233,0,48.4666666667,2090,11.7272727273
4405,2,3210,0,13.5769230769,2161,12.5625
4405,3,2485,0,46.2727272727,2580,10.6875
4405,4,2914,0,43.9230769231,2261,9.5
4405,5,3132,0,15.4761904762,2531,10.3125
4405,6,2919,0,16.0416666667,2160,9.7083333333
4405,7,3076,0,10.4047619048,2340,9.7368421053
4405,8,2789,0,13.4,2932,10.243902439
4405,9,2588,0,46.6,2181,9.512195122
4406,0,2660,0,32,2523,3.0303030303
4406,1,4108,0,32,2461,3.4507042254
4406,2,4010,0,4.4777777778,2020,2.9263157895
4406,3,2568,0,12.7619047619,2008,2.9295774648
4406,4,2802,0,14.1052631579,2012,2.5789473684
4406,5,2432,0,12.7391304348,2047,2.7222222222
4406,6,3647,0,3.3523809524,2394,2.8181818182
4406,7,3701,0,15.1267605634,1971,2.6197183099
4406,8,3373,0,5.2,2037,2.9263157895
4406,9,2566,0,14.0434782609,2734,3.0303030303
4407,0,3412,0,4.0833333333,2249,3.1267605634
4407,1,2177,0,11.55,2665,2.7517730496
4407,2,2598,0,5.7692307692,2413,2.8
4407,3,2543,0,4.5411764706,1915,2.7588652482
4407,4,2226,0,12,2689,2.7375886525
4407,5,3147,0,3.2676056338,1991,3.0422535211
4407,6,3515,0,3.5769230769,2398,2.8431372549
4407,7,2595,0,11.9577464789,2173,2.9571428571
4407,8,2859,0,4.6028368794,1988,2.9078014184
4407,9,2239,0,11.55,2443,2.7042253521
4408,0,3689,0,7.7037037037,2192,8.6842105263
4408,1,4034,0,9.9444444444,2009,8.5238095238
4408,2,2937,0,10.6382978723,2092,9.9047619048
4408,3,3160,0,10.829787234,2188,8.5238095238
4408,4,2922,0,9.9047619048,1949,8.6842105263
4408,5,3292,0,12.1428571429,1970,8.9361702128
4408,6,3083,0,11.3076923077,1884,8.4
4408,7,2870,0,8.6842105263,2058,11
4408,8,3302,0,8.4814814815,1928,8.7
4408,9,3534,0,12.5531914894,1973,9.1666666667
4409,0,3154,0,6.0769230769,2779,6.02
4409,1,2703,0,8.1585365854,2052,6.3333333333
4409,2,3142,0,6.7564102564,2863,6.4186046512
4409,3,3475,0,6.3296703297,2535,7.44
4409,4,3200,0,6.8571428571,2629,5.5
4409,5,2213,0,44.9534883721,2027,6.3516483516
4409,6,2975,0,9.3076923077,2576,5.6436781609
4409,7,3468,0,7.9285714286,2008,5.9634146341
4409,8,2761,0,7.4175824176,2527,6.1219512195
4409,9,2594,0,10.2820512821,2624,5.8125
4410,0,2503,0,23.5263157895,2403,3.5568181818
4410,1,3394,0,3.9659090909,1953,3.7849462366
4410,2,2638,0,4.3277310924,1960,2.7311827957
4410,3,2511,0,13.3383458647,1976,2.9579831933
4410,4,2925,0,3.9659090909,2170,3.3655913978
4410,5,2291,0,13.3383458647,2303,3.5568181818
4410,6,2394,0,13.3456790123,2107,3.752688172
4410,7,2207,0,13.3383458647,2116,3.1346153846
4410,8,3172,0,5.8907563025,2003,3.1358024691
4410,9,2974,0,2.9327731092,1900,3.3655913978
4852,0,4656,0,0.949044586,2786,0.9555555556
4852,1,4028,0,1.0877192982,2966,1.0191082803
4852,2,4900,0,1.6416382253,3667,0.994047619
4852,3,3487,0,1.5263157895,2585,1.0297619048
4852,4,4516,0,1.8830188679,2876,0.920754717
4852,5,2902,0,4.9259259259,2836,1.0445859873
4852,6,3836,0,1.4791666667,3028,0.9111111111
4852,7,4174,0,1.2763157895,3150,1.050955414
4852,8,4389,0,1.2763157895,3924,0.9761904762
4852,9,3530,0,1.3026315789,3769,0.9611111111
4853,0,3174,0,6.175862069,2942,0.7014388489
4853,1,3856,0,4.1742738589,3293,0.6317204301
4853,2,3040,0,4.1742738589,3531,0.6586206897
4853,3,2981,0,7.4008264463,2976,0.546191248
4853,4,2924,0,4.1570247934,3654,0.5647058824
4853,5,3557,0,3.7196261682,3773,0.5591572123
4853,6,5624,0,1.1037277147,3776,0.5214953271
4853,7,3705,0,2.8925233645,3341,0.5509433962
4853,8,4181,0,6.6075471698,3947,0.6033057851
4853,9,3555,0,4.1570247934,2691,0.4813278008
4854,0,3473,0,0.5543624161,2891,0.4427480916
4854,1,3500,0,0.6153846154,3061,0.4484848485
4854,2,3813,0,0.3820224719,2885,0.4427480916
4854,3,4142,0,0.4615384615,3605,0.4074074074
4854,4,3549,0,0.5527950311,3223,0.3953846154
4854,5,3458,0,0.5185185185,3104,0.4114906832
4854,6,3603,0,0.5758389262,2455,0.4074074074
4854,7,3656,0,0.5024077047,3077,0.3765903308
4854,8,4670,0,0.477852349,2529,0.4424242424
4854,9,3713,0,0.5006711409,2537,0.4032921811
4855,0,3979,0,3.1369047619,2697,2.3227848101
4855,1,3782,0,17.5294117647,3464,2.4285714286
4855,2,3726,0,21.2571428571,3287,2.1845238095
4855,3,4066,0,2.03125,2570,2.6571428571
4855,4,4062,0,2.8571428571,2861,2.3544303797
4855,5,3006,0,11.3220338983,3068,2.3125
4855,6,5214,0,2.4494382022,2632,2.3448275862
4855,7,3906,0,2.8727272727,3575,2.1142857143
4855,8,4275,0,2.406779661,3117,2.2714285714
4855,9,3716,0,2.2612903226,2920,2.4285714286
4856,0,4951,0,1.1057513915,3195,0.896039604
4856,1,4024,0,1.6374367622,2968,0.8153153153
4856,2,3955,0,0.8230088496,3275,0.9207920792
4856,3,4935,0,0.8796296296,3331,0.9504950495
4856,4,3798,0,1.0575139147,3260,0.9207920792
4856,5,4934,0,0.8561643836,2971,0.9320987654
4856,6,4543,0,0.8682745826,3625,1.0136239782
4856,7,4081,0,1.0463215259,2813,0.8008849558
4856,8,3471,0,1.2654867257,3314,0.9863760218
4856,9,3490,0,1.2385321101,3373,0.7635135135
4857,0,3453,0,0.7704697987,2606,0.5524017467
4857,1,3433,0,0.6498353458,3075,0.5480769231
4857,2,4482,0,0.8518111965,2587,0.6009036145
4857,3,3587,0,0.9871382637,2824,0.5480769231
4857,4,3503,0,0.7713347921,2634,0.4738255034
4857,5,3457,0,0.6953020134,2661,0.4804216867
4857,6,3358,0,3.1973684211,2645,0.608801956
4857,7,4181,0,0.6979865772,2574,0.4379802415
4857,8,3783,0,0.7589576547,2592,0.5509499136
4857,9,3534,0,0.8495297806,2722,0.521978022
4858,0,3005,0,24.9655172414,2764,3.2482269504
4858,1,3527,0,4.768683274,2766,3.7544483986
4858,2,3850,0,5.4590747331,3123,3.5106382979
4858,3,3994,0,25.7246376812,3662,3.4252873563
4858,4,3575,0,15.2898550725,3217,3.1103202847
4858,5,3563,0,6.1034482759,3425,3.5266272189
4858,6,2682,0,15.4142011834,4111,3.1134751773
4858,7,2825,0,25.9339622642,3229,3.487394958
4858,8,3766,0,4.4826254826,3350,3.5266272189
4858,9,2608,0,26.0208333333,3273,3.179245283
4859,0,2902,0,6.7058823529,2747,0.9555555556
4859,1,3466,0,0.9313131313,2605,0.9256360078
4859,2,3265,0,6.7058823529,2981,0.9978902954
4859,3,3453,0,0.958490566,3209,0.9256360078
4859,4,2768,0,5.643006263,3108,0.987473904
4859,5,3729,0,5.5770750988,3059,0.8155172414
4859,6,3156,0,6.6680584551,2965,0.8429752066
4859,7,3274,0,6.8932806324,3204,0.9978902954
4859,8,4540,0,1.1981132075,2976,0.9978902954
4859,9,3306,0,12.4545454545,3202,0.9555555556
4860,0,5460,0,1.1194444444,2676,0.9877622378
4860,1,3792,0,1.5678059537,2527,0.9629005059
4860,2,3379,0,1.4362850972,3727,1.0022988506
4860,3,3703,0,1.3888888889,2869,0.9877622378
4860,4,3773,0,1.4908536585,2687,0.898488121
4860,5,3944,0,1.2267818575,3316,1.0052447552
4860,6,3840,0,0.9195804196,2866,0.9093078759
4860,7,3640,0,1.2553699284,3112,0.9982517483
4860,8,4125,0,1.2524807056,2555,1.1036383682
4860,9,3477,0,1.7583333333,2936,1.0114285714
4942,0,2027,0,3.7391304348,1290,3.875
4942,1,1470,0,3.75,955,3.8
4942,2,1518,0,3.75,1226,3.875
4942,3,1399,0,3.9,977,3.7391304348
4942,4,1702,0,3.75,1010,3.875
4942,5,1662,0,3.7391304348,983,3.75
4942,6,1438,0,3.7391304348,948,4.4
4942,7,1742,0,4.4,1219,3.875
4942,8,1413,0,3.7391304348,1239,3.875
4942,9,1793,0,3.9,979,3.75
4943,0,1706,0,2.0357142857,1117,2.0357142857
4943,1,1999,0,2.0357142857,1092,2.28
4943,2,2013,0,2.0357142857,1254,2.28
4943,3,1957,0,2.0357142857,1200,2.2857142857
4943,4,1650,0,2.0357142857,1092,2.2857142857
4943,5,1741,0,2.0357142857,1319,2.28
4943,6,2058,0,2.0357142857,971,2.2857142857
4943,7,1666,0,2.0357142857,1394,2.0357142857
4943,8,1717,0,2.0357142857,1320,2.2857142857
4943,9,1689,0,2.0357142857,943,2.0357142857
4944,0,1565,0,1.1475409836,951,1.1803278689
4944,1,1547,0,1.3442622951,1207,1.3114754098
4944,2,1745,0,1.3442622951,951,1.25
4944,3,1695,0,1.2857142857,1103,1.3846153846
4944,4,1675,0,1.1475409836,942,1.25
4944,5,1594,0,1.1475409836,1344,1.3076923077
4944,6,1513,0,1.2857142857,939,1.4117647059
4944,7,1606,0,1.1475409836,1076,1.3076923077
4944,8,2315,0,1.1475409836,983,1.3076923077
4944,9,1568,0,1.1475409836,1091,1.1960784314
4945,0,1498,0,6.5833333333,963,6.7083333333
4945,1,1444,0,6.7931034483,1381,7.2222222222
4945,2,1755,0,7.6896551724,975,8
4945,3,1411,0,6.7931034483,1191,8
4945,4,1696,0,14.4444444444,1120,6.7083333333
4945,5,2569,0,8.7586206897,967,7.1538461538
4945,6,1430,0,6.5833333333,1372,7.3333333333
4945,7,2156,0,10.3333333333,1044,7.0833333333
4945,8,1444,0,7.6896551724,1373,6.7083333333
4945,9,1445,0,7.0416666667,1247,6.724137931
4946,0,1548,0,2.4528301887,1101,2.8260869565
4946,1,1714,0,2.4528301887,1030,2.4528301887
4946,2,1499,0,2.4528301887,1423,2.4888888889
4946,3,1558,0,2.4528301887,968,2.4528301887
4946,4,1761,0,2.8043478261,975,2.6530612245
4946,5,2000,0,2.4528301887,994,2.4528301887
4946,6,1839,0,2.4528301887,1010,2.4888888889
4946,7,2081,0,2.4528301887,1011,2.8260869565
4946,8,1558,0,2.4528301887,985,2.4528301887
4946,9,1623,0,2.4528301887,975,2.4528301887
4947,0,1414,0,2.4137931034,992,2.4137931034
4947,1,1472,0,2.1081081081,989,2.2222222222
4947,2,1452,0,2.3294117647,1165,2.1529411765
4947,3,1533,0,2.1081081081,1003,2.1212121212
4947,4,2391,0,2.3294117647,1127,2.1212121212
4947,5,1592,0,2.1081081081,1004,2.1529411765
4947,6,1600,0,2.1081081081,1480,2.1081081081
4947,7,1486,0,2.3529411765,1081,2.1379310345
4947,8,1563,0,2.7837837838,1404,2.1529411765
4947,9,1570,0,2.1081081081,990,2.1212121212
4948,0,1441,0,9.4347826087,977,9.4090909091
4948,1,2030,0,9,1057,9.4
4948,2,1443,0,10.3043478261,975,9
4948,3,1458,0,9.4,1124,9.4
4948,4,1396,0,9.4,993,9.4
4948,5,1990,0,10.2272727273,1109,9.4
4948,6,1685,0,9.4,996,9
4948,7,2021,0,9.4,1012,10.3157894737
4948,8,1455,0,10.3043478261,1166,9.4
4948,9,1444,0,9.4090909091,1040,10.7727272727
4949,0,2292,0,7.7755102041,945,8.6
4949,1,1452,0,8.3333333333,950,7.6607142857
4949,2,1458,0,8.9591836735,1038,7.75
4949,3,1860,0,8.3333333333,1244,7.1428571429
4949,4,1726,0,32.2666666667,1145,8.3333333333
4949,5,1388,0,8.3333333333,964,8.3333333333
4949,6,1486,0,7.75,1173,8.125
4949,7,1554,0,7.75,1338,7.1428571429
4949,8,1430,0,18.0408163265,1115,7.2321428571
4949,9,1682,0,7.1428571429,1364,8.6
4950,0,1846,0,1.7959183673,1418,1.9078947368
4950,1,1966,0,1.7959183673,1343,1.858974359
4950,2,1527,0,1.7959183673,1124,1.9078947368
4950,3,1865,0,1.7959183673,1352,1.9078947368
4950,4,1726,0,1.7959183673,988,1.9078947368
4950,5,1660,0,1.7959183673,1376,1.9863013699
4950,6,2076,0,1.7959183673,1421,2.1294117647
4950,7,1547,0,2.1632653061,1337,1.858974359
4950,8,2259,0,1.7959183673,1071,1.7959183673
4950,9,1965,0,1.7959183673,1003,1.9078947368
5023,0,706,0,0.3886255924,272,0.3886255924
5023,1,815,0,0.3886255924,268,0.3886255924
5023,2,813,0,0.3886255924,271,0.3886255924
5023,3,728,0,0.3886255924,286,0.3886255924
5023,4,1047,0,0.3886255924,388,0.3886255924
5023,5,714,0,0.3886255924,272,0.3886255924
5023,6,614,0,0.3886255924,266,0.3886255924
5023,7,525,0,0.3886255924,274,0.3886255924
5023,8,547,0,0.3886255924,266,0.3886255924
5023,9,550,0,0.3886255924,272,0.3886255924
5024,0,522,0,0.5867346939,264,0.5867346939
5024,1,542,0,0.5867346939,268,0.5867346939
5024,2,538,0,0.5867346939,266,0.5867346939
5024,3,558,0,0.5867346939,290,0.5867346939
5024,4,617,0,0.5867346939,384,0.5867346939
5024,5,665,0,0.5867346939,388,0.5867346939
5024,6,660,0,0.5867346939,268,0.5867346939
5024,7,580,0,0.5867346939,330,0.5867346939
5024,8,578,0,0.5867346939,384,0.5867346939
5024,9,688,0,0.5867346939,388,0.5867346939
5025,0,867,0,0.2003676471,271,0.2003676471
5025,1,652,0,0.2003676471,304,0.2003676471
5025,2,626,0,0.2003676471,269,0.2003676471
5025,3,632,0,0.2003676471,267,0.2003676471
5025,4,566,0,0.2003676471,318,0.2003676471
5025,5,570,0,0.2003676471,267,0.2003676471
5025,6,587,0,0.2003676471,266,0.2003676471
5025,7,682,0,0.2003676471,271,0.2003676471
5025,8,884,0,0.2003676471,310,0.2003676471
5025,9,1020,0,0.2003676471,269,0.2003676471
5026,0,732,0,0.575,266,0.575
5026,1,566,0,0.575,269,0.575
5026,2,627,0,0.575,268,0.575
5026,3,601,0,0.575,276,0.575
5026,4,667,0,0.575,385,0.575
5026,5,708,0,0.575,265,0.575
5026,6,804,0,0.575,266,0.575
5026,7,1044,0,0.575,322,0.575
5026,8,1063,0,0.575,277,0.575
5026,9,798,0,0.575,344,0.575
5027,0,566,0,0.3634408602,269,0.3634408602
5027,1,731,0,0.3634408602,268,0.3634408602
5027,2,782,0,0.3634408602,272,0.3634408602
5027,3,643,0,0.3634408602,420,0.3634408602
5027,4,719,0,0.3634408602,266,0.3634408602
5027,5,624,0,0.3634408602,270,0.3634408602
5027,6,659,0,0.3634408602,269,0.3634408602
5027,7,896,0,0.3634408602,267,0.3634408602
5027,8,764,0,0.3634408602,277,0.3634408602
5027,9,971,0,0.3634408602,388,0.3634408602
5028,0,556,0,0.6465863454,260,0.6465863454
5028,1,597,0,0.6465863454,261,0.6465863454
5028,2,548,0,0.6465863454,359,0.6465863454
5028,3,721,0,0.6465863454,267,0.6465863454
5028,4,790,0,0.6465863454,261,0.6465863454
5028,5,546,0,0.6465863454,264,0.6465863454
5028,6,505,0,0.6465863454,264,0.6465863454
5028,7,524,0,0.6465863454,262,0.6465863454
5028,8,515,0,0.6465863454,288,0.6465863454
5028,9,537,0,0.6465863454,260,0.6465863454
5029,0,549,0,2.2266009852,270,2.2266009852
5029,1,566,0,2.2266009852,343,2.2266009852
5029,2,568,0,2.2266009852,387,2.2266009852
5029,3,739,0,2.2266009852,341,2.2266009852
5029,4,583,0,2.2266009852,267,2.2266009852
5029,5,912,0,2.2266009852,278,2.2266009852
5029,6,585,0,2.2266009852,274,2.2266009852
5029,7,554,0,2.2266009852,265,2.2266009852
5029,8,562,0,2.2266009852,384,2.2266009852
5029,9,557,0,2.2266009852,269,2.2266009852
5030,0,870,0,2.6041666667,360,2.6041666667
5030,1,753,0,2.6041666667,378,2.6041666667
5030,2,627,0,2.6041666667,274,2.6041666667
5030,3,688,0,2.6041666667,267,2.6041666667
5030,4,605,0,2.6041666667,342,2.6041666667
5030,5,635,0,2.6041666667,267,2.6041666667
5030,6,811,0,2.6041666667,268,2.6041666667
5030,7,916,0,2.6041666667,271,2.6041666667
5030,8,828,0,2.6041666667,268,2.6041666667
5030,9,557,0,2.6041666667,267,2.6041666667
5031,0,785,0,0.4398907104,362,0.4398907104
5031,1,556,0,0.4398907104,263,0.4398907104
5031,2,653,0,0.4398907104,262,0.4398907104
5031,3,546,0,0.4398907104,265,0.4398907104
5031,4,725,0,0.4398907104,368,0.4398907104
5031,5,600,0,0.4398907104,265,0.4398907104
5031,6,890,0,0.4398907104,268,0.4398907104
5031,7,554,0,0.4398907104,369,0.4398907104
5031,8,508,0,0.4398907104,387,0.4398907104
5031,9,541,0,0.4398907104,389,0.4398907104
6760,0,512,0,2.4482758621,266,2.4482758621
6760,1,900,0,2.4482758621,269,2.4482758621
6760,2,716,0,2.4482758621,363,2.4482758621
6760,3,928,0,2.4482758621,267,2.4482758621
6760,4,553,0,2.4482758621,271,2.4482758621
6760,5,517,0,2.4482758621,265,2.4482758621
6760,6,875,0,2.4482758621,264,2.4482758621
6760,7,667,0,2.4482758621,420,2.4482758621
6760,8,843,0,2.4482758621,364,2.4482758621
6760,9,531,0,2.4482758621,365,2.4482758621
6761,0,578,0,2.0265486726,354,2.0265486726
6761,1,562,0,2.0265486726,268,2.0265486726
6761,2,725,0,2.0265486726,267,2.0265486726
6761,3,756,0,2.0265486726,270,2.0265486726
6761,4,913,0,2.0265486726,268,2.0265486726
6761,5,559,0,2.0265486726,267,2.0265486726
6761,6,562,0,2.0265486726,283,2.0265486726
6761,7,603,0,2.0265486726,268,2.0265486726
6761,8,532,0,2.0265486726,267,2.0265486726
6761,9,895,0,2.0265486726,299,2.0265486726
6762,0,589,0,1.6506849315,386,1.6506849315
6762,1,547,0,1.6506849315,282,1.6506849315
6762,2,590,0,1.6506849315,268,1.6506849315
6762,3,567,0,1.6506849315,269,1.6506849315
6762,4,562,0,1.6506849315,391,1.6506849315
6762,5,592,0,1.6506849315,385,1.6506849315
6762,6,738,0,1.6506849315,382,1.6506849315
6762,7,917,0,1.6506849315,275,1.6506849315
6762,8,591,0,1.6506849315,267,1.6506849315
6762,9,586,0,1.6506849315,270,1.6506849315
6763,0,912,0,8.5,366,8.5
6763,1,627,0,8.5,273,8.5
6763,2,689,0,8.5,272,8.5
6763,3,798,0,8.5,268,8.5
6763,4,739,0,8.5,293,8.5
6763,5,773,0,8.5,383,8.5
6763,6,680,0,8.5,273,8.5
6763,7,701,0,8.5,324,8.5
6763,8,958,0,8.5,273,8.5
6763,9,1233,0,8.5,379,8.5
6764,0,581,0,3.5948275862,364,3.5948275862
6764,1,525,0,3.5948275862,363,3.5948275862
6764,2,523,0,3.5948275862,260,3.5948275862
6764,3,521,0,3.5948275862,273,3.5948275862
6764,4,776,0,3.5948275862,261,3.5948275862
6764,5,944,0,3.5948275862,260,3.5948275862
6764,6,543,0,3.5948275862,267,3.5948275862
6764,7,549,0,3.5948275862,362,3.5948275862
6764,8,730,0,3.5948275862,271,3.5948275862
6764,9,538,0,3.5948275862,293,3.5948275862
6765,0,570,0,2.0121212121,270,2.0121212121
6765,1,614,0,2.0121212121,269,2.0121212121
6765,2,593,0,2.0121212121,267,2.0121212121
6765,3,588,0,2.0121212121,268,2.0121212121
6765,4,725,0,2.0121212121,323,2.0121212121
6765,5,946,0,2.0121212121,267,2.0121212121
6765,6,963,0,2.0121212121,268,2.0121212121
6765,7,521,0,2.0121212121,274,2.0121212121
6765,8,594,0,2.0121212121,271,2.0121212121
6765,9,939,0,2.0121212121,274,2.0121212121
6766,0,621,0,15.5957446809,287,15.5957446809
6766,1,570,0,15.5957446809,318,15.5957446809
6766,2,602,0,15.5957446809,284,15.5957446809
6766,3,591,0,15.5957446809,281,15.5957446809
6766,4,608,0,15.5957446809,271,15.5957446809
6766,5,788,0,15.5957446809,290,15.5957446809
6766,6,806,0,15.5957446809,274,15.5957446809
6766,7,659,0,15.5957446809,340,15.5957446809
6766,8,595,0,15.5957446809,275,15.5957446809
6766,9,487,0,15.5957446809,273,15.5957446809
6767,0,740,0,6.3425925926,392,6.3425925926
6767,1,755,0,6.3425925926,272,6.3425925926
6767,2,942,0,6.3425925926,388,6.3425925926
6767,3,708,0,6.3425925926,381,6.3425925926
6767,4,957,0,6.3425925926,274,6.3425925926
6767,5,1009,0,6.3425925926,277,6.3425925926
6767,6,651,0,6.3425925926,388,6.3425925926
6767,7,679,0,6.3425925926,267,6.3425925926
6767,8,732,0,6.3425925926,387,6.3425925926
6767,9,788,0,6.3425925926,265,6.3425925926
6768,0,514,0,3.0738636364,275,3.0738636364
6768,1,530,0,3.0738636364,274,3.0738636364
6768,2,518,0,3.0738636364,391,3.0738636364
6768,3,517,0,3.0738636364,270,3.0738636364
6768,4,502,0,3.0738636364,392,3.0738636364
6768,5,508,0,3.0738636364,272,3.0738636364
6768,6,526,0,3.0738636364,272,3.0738636364
6768,7,516,0,3.0738636364,270,3.0738636364
6768,8,530,0,3.0738636364,288,3.0738636364
6768,9,508,0,3.0738636364,276,3.0738636364
6769,0,556,0,3.6226415094,270,3.6226415094
6769,1,606,0,3.6226415094,267,3.6226415094
6769,2,543,0,3.6226415094,267,3.6226415094
6769,3,933,0,3.6226415094,274,3.6226415094
6769,4,697,0,3.6226415094,393,3.6226415094
6769,5,550,0,3.6226415094,265,3.6226415094
6769,6,809,0,3.6226415094,266,3.6226415094
6769,7,575,0,3.6226415094,267,3.6226415094
6769,8,580,0,3.6226415094,268,3.6226415094
6769,9,514,0,3.6226415094,271,3.6226415094
6770,0,624,0,2.8571428571,271,2.8571428571
6770,1,578,0,2.8571428571,274,2.8571428571
6770,2,595,0,2.8571428571,276,2.8571428571
6770,3,594,0,2.8571428571,272,2.8571428571
6770,4,865,0,2.8571428571,277,2.8571428571
6770,5,602,0,2.8571428571,273,2.8571428571
6770,6,539,0,2.8571428571,275,2.8571428571
6770,7,645,0,2.8571428571,271,2.8571428571
6770,8,834,0,2.8571428571,269,2.8571428571
6770,9,835,0,2.8571428571,272,2.8571428571
6771,0,594,0,0.1770833333,380,0.1770833333
6771,1,613,0,0.1770833333,392,0.1770833333
6771,2,953,0,0.1770833333,276,0.1770833333
6771,3,818,0,0.1770833333,266,0.1770833333
6771,4,566,0,0.1770833333,269,0.1770833333
6771,5,609,0,0.1770833333,277,0.1770833333
6771,6,554,0,0.1770833333,266,0.1770833333
6771,7,586,0,0.1770833333,265,0.1770833333
6771,8,564,0,0.1770833333,283,0.1770833333
6771,9,640,0,0.1770833333,300,0.1770833333
6772,0,932,0,9.4925373134,271,9.4925373134
6772,1,734,0,9.4925373134,273,9.4925373134
6772,2,698,0,9.4925373134,284,9.4925373134
6772,3,522,0,9.4925373134,273,9.4925373134
6772,4,532,0,9.4925373134,270,9.4925373134
6772,5,548,0,9.4925373134,269,9.4925373134
6772,6,518,0,9.4925373134,274,9.4925373134
6772,7,703,0,9.4925373134,273,9.4925373134
6772,8,830,0,9.4925373134,356,9.4925373134
6772,9,530,0,9.4925373134,391,9.4925373134
6773,0,693,0,4.5411764706,278,4.5411764706
6773,1,757,0,4.5411764706,273,4.5411764706
6773,2,528,0,4.5411764706,276,4.5411764706
6773,3,688,0,4.5411764706,278,4.5411764706
6773,4,537,0,4.5411764706,278,4.5411764706
6773,5,545,0,4.5411764706,269,4.5411764706
6773,6,552,0,4.5411764706,271,4.5411764706
6773,7,585,0,4.5411764706,279,4.5411764706
6773,8,534,0,4.5411764706,274,4.5411764706
6773,9,777,0,4.5411764706,275,4.5411764706
6774,0,816,0,1.6428571429,267,1.6428571429
6774,1,717,0,1.6428571429,265,1.6428571429
6774,2,749,0,1.6428571429,268,1.6428571429
6774,3,924,0,1.6428571429,266,1.6428571429
6774,4,749,0,1.6428571429,277,1.6428571429
6774,5,856,0,1.6428571429,276,1.6428571429
6774,6,955,0,1.6428571429,379,1.6428571429
6774,7,595,0,1.6428571429,298,1.6428571429
6774,8,570,0,1.6428571429,379,1.6428571429
6774,9,693,0,1.6428571429,266,1.6428571429
6775,0,642,0,30.3,389,30.3
6775,1,620,0,30.3,385,30.3
6775,2,696,0,30.3,272,30.3
6775,3,628,0,30.3,330,30.3
6775,4,660,0,30.3,269,30.3
6775,5,624,0,30.3,269,30.3
6775,6,748,0,30.3,274,30.3
6775,7,645,0,30.3,385,30.3
6775,8,544,0,30.3,266,30.3
6775,9,952,0,30.3,298,30.3
6776,0,527,0,9.3157894737,381,9.3157894737
6776,1,527,0,9.3157894737,278,9.3157894737
6776,2,635,0,9.3157894737,381,9.3157894737
6776,3,613,0,9.3157894737,264,9.3157894737
6776,4,519,0,9.3157894737,356,9.3157894737
6776,5,535,0,9.3157894737,273,9.3157894737
6776,6,556,0,9.3157894737,276,9.3157894737
6776,7,526,0,9.3157894737,266,9.3157894737
6776,8,542,0,9.3157894737,268,9.3157894737
6776,9,523,0,9.3157894737,266,9.3157894737
6777,0,549,0,6.6,276,6.6
6777,1,557,0,6.6,336,6.6
6777,2,544,0,6.6,378,6.6
6777,3,552,0,6.6,364,6.6
6777,4,554,0,6.6,311,6.6
6777,5,540,0,6.6,344,6.6
6777,6,518,0,6.6,387,6.6
6777,7,518,0,6.6,265,6.6
6777,8,551,0,6.6,269,6.6
6777,9,741,0,6.6,270,6.6
7048,0,994,0,2.1754385965,397,2.1754385965
7048,1,742,0,2.1754385965,554,2.1754385965
7048,2,748,0,2.1754385965,548,2.1754385965
7048,3,676,0,2.1754385965,553,2.1754385965
7048,4,678,0,2.1754385965,402,2.1754385965
7048,5,1073,0,2.1754385965,404,2.1754385965
7048,6,906,0,2.1754385965,391,2.1754385965
7048,7,980,0,2.1754385965,399,2.1754385965
7048,8,667,0,2.1754385965,390,2.1754385965
7048,9,788,0,2.1754385965,390,2.1754385965
7049,0,676,0,1.4418604651,412,1.4418604651
7049,1,683,0,1.4418604651,400,1.4418604651
7049,2,656,0,1.4418604651,398,1.4418604651
7049,3,647,0,1.4418604651,400,1.4418604651
7049,4,672,0,1.4418604651,508,1.4418604651
7049,5,661,0,1.4418604651,562,1.4418604651
7049,6,692,0,1.4418604651,407,1.4418604651
7049,7,1051,0,1.4418604651,406,1.4418604651
7049,8,712,0,1.4418604651,575,1.4418604651
7049,9,896,0,1.4418604651,522,1.4418604651
7050,0,684,0,1.1944444444,409,1.1944444444
7050,1,674,0,1.1944444444,514,1.1944444444
7050,2,745,0,1.1944444444,514,1.1944444444
7050,3,925,0,1.1944444444,518,1.1944444444
7050,4,1191,0,1.1944444444,587,1.1944444444
7050,5,850,0,1.1944444444,501,1.1944444444
7050,6,976,0,1.1944444444,401,1.1944444444
7050,7,833,0,1.1944444444,400,1.1944444444
7050,8,956,0,1.1944444444,424,1.1944444444
7050,9,1094,0,1.1944444444,398,1.1944444444
7051,0,1021,0,1.45,403,1.45
7051,1,766,0,1.45,389,1.641509434
7051,2,1031,0,1.45,446,1.45
7051,3,802,0,1.45,570,1.45
7051,4,777,0,1.45,413,1.45
7051,5,756,0,1.45,584,1.45
7051,6,749,0,1.45,414,1.45
7051,7,761,0,1.45,413,1.45
7051,8,885,0,1.45,442,1.45
7051,9,1074,0,1.45,576,1.45
7052,0,725,0,2.0824742268,391,2.0824742268
7052,1,724,0,2.0824742268,407,2.0824742268
7052,2,726,0,2.0824742268,392,2.0824742268
7052,3,689,0,2.0824742268,401,2.0824742268
7052,4,828,0,2.0824742268,405,2.0824742268
7052,5,1383,0,2.0824742268,511,2.0824742268
7052,6,1166,0,2.0824742268,408,2.0824742268
7052,7,1191,0,2.0824742268,555,2.0824742268
7052,8,1159,0,2.0824742268,551,2.0824742268
7052,9,1252,0,2.0824742268,551,2.0824742268
7053,0,908,0,2.1774193548,384,2.1774193548
7053,1,954,0,2.1774193548,499,2.1774193548
7053,2,703,0,2.1774193548,412,2.1774193548
7053,3,707,0,2.1774193548,398,2.1774193548
7053,4,834,0,2.1774193548,538,2.1774193548
7053,5,1001,0,2.1774193548,506,2.1774193548
7053,6,803,0,2.1774193548,458,2.1774193548
7053,7,722,0,2.1774193548,390,2.1774193548
7053,8,716,0,2.1774193548,392,2.1774193548
7053,9,725,0,2.1774193548,407,2.1774193548
7054,0,767,0,2.4074074074,548,2.4074074074
7054,1,1092,0,2.4074074074,404,2.4074074074
7054,2,932,0,2.4074074074,403,2.4074074074
7054,3,740,0,2.4074074074,576,2.4074074074
7054,4,768,0,2.4074074074,475,2.4074074074
7054,5,741,0,2.4074074074,423,2.4074074074
7054,6,979,0,2.4074074074,408,2.4074074074
7054,7,764,0,2.4074074074,573,2.4074074074
7054,8,737,0,2.4074074074,409,2.4074074074
7054,9,702,0,2.4074074074,405,2.4074074074
7055,0,721,0,1.7476635514,410,1.7476635514
7055,1,1276,0,1.7476635514,393,1.7476635514
7055,2,861,0,1.7476635514,396,1.7476635514
7055,3,736,0,1.7476635514,395,1.7476635514
7055,4,822,0,1.7476635514,412,1.7476635514
7055,5,963,0,1.7476635514,398,1.7476635514
7055,6,1353,0,1.7476635514,402,1.7476635514
7055,7,858,0,1.7476635514,505,1.7476635514
7055,8,861,0,1.7476635514,402,1.7476635514
7055,9,751,0,1.7476635514,554,1.7476635514
7056,0,872,0,2.4513274336,578,2.4513274336
7056,1,690,0,2.4513274336,573,2.4513274336
7056,2,750,0,2.4513274336,586,2.4513274336
7056,3,815,0,2.4513274336,404,2.4513274336
7056,4,778,0,2.4513274336,422,2.4513274336
7056,5,765,0,2.4513274336,428,2.4513274336
7056,6,737,0,2.4513274336,414,2.4513274336
7056,7,735,0,2.4513274336,405,2.4513274336
7056,8,755,0,2.4513274336,402,2.4513274336
7056,9,725,0,2.4513274336,543,2.4513274336
7291,0,1795,0,0.968503937,1060,0.968503937
7291,1,1493,0,0.968503937,1122,0.968503937
7291,2,1497,0,1.1388888889,968,0.968503937
7291,3,1766,0,3.5882352941,1214,1.1388888889
7291,4,1524,0,1.1388888889,1071,1.1388888889
7291,5,1540,0,1.04,974,0.968503937
7291,6,1572,0,0.968503937,1386,1.1495327103
7291,7,2028,0,0.968503937,1013,0.968503937
7291,8,1486,0,1.1388888889,1280,1.1388888889
7291,9,1544,0,1.0555555556,1147,0.968503937
7292,0,1480,0,0.5950413223,1002,0.5165289256
7292,1,1546,0,0.7933884298,1290,0.5165289256
7292,2,1416,0,0.5581395349,1314,0.5165289256
7292,3,1520,0,0.526645768,991,0.526645768
7292,4,1453,0,0.5581395349,992,0.5405405405
7292,5,1567,0,0.5581395349,1199,0.5579937304
7292,6,1523,0,0.5382059801,975,0.5165289256
7292,7,1394,0,0.7603305785,979,0.5165289256
7292,8,1557,0,0.526645768,1047,0.5454545455
7292,9,1378,0,0.5382059801,980,0.5579937304
7293,0,1533,0,0.276744186,1352,0.276744186
7293,1,1677,0,0.276744186,964,0.3005050505
7293,2,1624,0,0.276744186,1163,0.3005050505
7293,3,1698,0,0.276744186,1110,0.2769230769
7293,4,1698,0,0.2954545455,1000,0.276744186
7293,5,2579,0,0.276744186,1011,0.276744186
7293,6,1839,0,0.2945736434,1132,0.3125
7293,7,2546,0,0.276744186,952,0.276744186
7293,8,1507,0,0.276744186,1070,0.276744186
7293,9,1538,0,0.2954545455,1031,0.276744186
7294,0,2155,0,1.1445783133,1078,1.1445783133
7294,1,1560,0,1.1445783133,1299,1.376
7294,2,1583,0,1.1445783133,949,1.1445783133
7294,3,1601,0,1.1445783133,1184,1.376
7294,4,2045,0,1.1445783133,1290,1.25
7294,5,2578,0,1.1445783133,1131,1.1445783133
7294,6,1448,0,1.3157894737,1372,1.1445783133
7294,7,1684,0,1.1445783133,1133,1.376
7294,8,2469,0,1.1445783133,1031,1.25
7294,9,2034,0,1.1445783133,1070,1.1445783133
7295,0,1375,0,1.1443298969,974,1.1443298969
7295,1,2281,0,2.3821989529,961,1.2282958199
7295,2,1596,0,1.1443298969,1210,1.2282958199
7295,3,1366,0,1.2282958199,1106,1.3762057878
7295,4,1345,0,1.2282958199,1055,1.2356020942
7295,5,1844,0,1.1443298969,1058,1.1443298969
7295,6,1971,0,1.2282958199,1099,1.1443298969
7295,7,1569,0,3.6307692308,1105,1.2282958199
7295,8,1433,0,1.1443298969,1166,1.2356020942
7295,9,1671,0,1.1443298969,966,1.1443298969
7296,0,1420,0,0.743902439,1007,0.743902439
7296,1,1418,0,0.8181818182,1240,0.7916666667
7296,2,1601,0,0.8181818182,1283,0.7532467532
7296,3,1708,0,0.7204724409,1348,0.8194444444
7296,4,1491,0,0.7204724409,1293,0.743902439
7296,5,1638,0,0.7204724409,1137,0.7480314961
7296,6,1712,0,0.7204724409,981,0.8292011019
7296,7,1474,0,0.7204724409,1129,0.743902439
7296,8,1459,0,0.7204724409,971,0.7480314961
7296,9,2213,0,0.743902439,1360,0.7480314961
7297,0,1564,0,2.8988764045,1392,2.8988764045
7297,1,1874,0,2.8988764045,1043,2.8988764045
7297,2,1510,0,2.8988764045,1197,2.8988764045
7297,3,1783,0,2.8988764045,1387,3.1851851852
7297,4,1468,0,3.2658227848,1382,2.8988764045
7297,5,1452,0,3.1851851852,1006,2.8988764045
7297,6,1438,0,2.8988764045,1388,2.8988764045
7297,7,1601,0,2.8988764045,1120,3.8426966292
7297,8,1589,0,3.1851851852,1360,2.8988764045
7297,9,1736,0,2.8988764045,1338,2.8988764045
7298,0,1658,0,1.3017241379,1243,1.359832636
7298,1,1722,0,1.3017241379,954,1.5402843602
7298,2,1522,0,1.3017241379,1158,1.3189655172
7298,3,1977,0,1.3017241379,1240,1.4312796209
7298,4,1879,0,1.3017241379,1078,1.3017241379
7298,5,1549,0,1.4312796209,1020,1.3189655172
7298,6,1905,0,1.3017241379,964,1.5689655172
7298,7,1508,0,1.3017241379,992,1.3189655172
7298,8,1535,0,1.3017241379,1314,1.3017241379
7298,9,1429,0,1.9233128834,1226,1.3017241379
7299,0,1692,0,0.567357513,1240,0.567357513
7299,1,1474,0,1.6659663866,1073,0.593495935
7299,2,1739,0,0.6106870229,1114,0.5177304965
7299,3,2277,0,0.5177304965,944,0.5177304965
7299,4,1782,0,0.5177304965,1252,0.5177304965
7299,5,1600,0,0.5177304965,1156,0.567357513
7299,6,1502,0,0.5177304965,1377,0.593495935
7299,7,1597,0,0.5756302521,1010,0.6395663957
7299,8,1520,0,0.5177304965,971,0.5177304965
7299,9,1793,0,0.5177304965,1045,0.5177304965
7453,0,1345,0,2.670212766,388,2.670212766
7453,1,1067,0,2.670212766,396,2.670212766
7453,2,909,0,2.670212766,394,2.670212766
7453,3,729,0,2.670212766,395,2.670212766
7453,4,900,0,2.670212766,402,2.670212766
7453,5,835,0,2.670212766,394,2.670212766
7453,6,960,0,2.670212766,399,2.670212766
7453,7,961,0,2.670212766,400,2.670212766
7453,8,673,0,2.670212766,447,2.670212766
7453,9,894,0,2.670212766,458,2.670212766
7454,0,728,0,1.8939393939,397,1.8939393939
7454,1,727,0,1.8939393939,404,1.8939393939
7454,2,845,0,1.8939393939,403,1.8939393939
7454,3,738,0,1.8939393939,472,1.8939393939
7454,4,1254,0,1.8939393939,549,1.8939393939
7454,5,713,0,1.8939393939,405,1.8939393939
7454,6,695,0,1.8939393939,392,1.8939393939
7454,7,680,0,1.8939393939,396,1.8939393939
7454,8,710,0,1.8939393939,542,1.8939393939
7454,9,705,0,1.8939393939,393,1.8939393939
7455,0,733,0,1.2,402,1.2
7455,1,902,0,1.2,395,1.2
7455,2,692,0,1.2,388,1.2
7455,3,776,0,1.2,421,1.2
7455,4,752,0,1.2,526,1.2
7455,5,1110,0,1.2,413,1.2
7455,6,750,0,1.2,418,1.2
7455,7,727,0,1.2,395,1.2
7455,8,675,0,1.2,383,1.2
7455,9,1097,0,1.2,390,1.2
7456,0,819,0,4.9813084112,423,4.9813084112
7456,1,699,0,4.9813084112,558,4.9813084112
7456,2,1146,0,4.9813084112,451,4.9813084112
7456,3,776,0,4.9813084112,391,4.9813084112
7456,4,920,0,4.9813084112,548,4.9813084112
7456,5,1025,0,4.9813084112,485,4.9813084112
7456,6,784,0,4.9813084112,479,4.9813084112
7456,7,1151,0,4.9813084112,489,4.9813084112
7456,8,1371,0,4.9813084112,398,4.9813084112
7456,9,946,0,4.9813084112,406,4.9813084112
7457,0,664,0,6.3526315789,411,6.3526315789
7457,1,732,0,6.3526315789,472,6.3526315789
7457,2,803,0,6.3526315789,551,6.3526315789
7457,3,1177,0,6.3526315789,546,6.3526315789
7457,4,796,0,6.3526315789,454,6.3526315789
7457,5,729,0,6.3526315789,522,6.3526315789
7457,6,717,0,6.3526315789,442,6.3526315789
7457,7,1141,0,6.3526315789,474,6.3526315789
7457,8,698,0,6.3526315789,537,6.3526315789
7457,9,786,0,6.3526315789,534,6.3526315789
7458,0,872,0,3.4860335196,396,3.4860335196
7458,1,979,0,3.4860335196,406,3.4860335196
7458,2,928,0,3.4860335196,408,3.4860335196
7458,3,869,0,3.4860335196,554,3.4860335196
7458,4,807,0,3.4860335196,577,3.4860335196
7458,5,898,0,3.4860335196,401,3.4860335196
7458,6,934,0,3.4860335196,457,3.4860335196
7458,7,851,0,3.4860335196,405,3.4860335196
7458,8,724,0,3.4860335196,418,3.4860335196
7458,9,730,0,3.4860335196,417,3.4860335196
7459,0,718,0,14.5925925926,407,14.5925925926
7459,1,1196,0,14.5925925926,529,14.5925925926
7459,2,790,0,14.5925925926,532,14.5925925926
7459,3,807,0,14.5925925926,565,14.5925925926
7459,4,778,0,14.5925925926,416,14.5925925926
7459,5,902,0,14.5925925926,527,14.5925925926
7459,6,875,0,14.5925925926,415,14.5925925926
7459,7,1213,0,14.5925925926,465,14.5925925926
7459,8,964,0,14.5925925926,407,14.5925925926
7459,9,996,0,14.5925925926,407,14.5925925926
7460,0,652,0,5.824,421,5.824
7460,1,682,0,5.824,594,5.824
7460,2,951,0,5.824,409,5.824
7460,3,791,0,5.824,410,5.824
7460,4,738,0,5.824,398,5.824
7460,5,719,0,5.824,530,5.824
7460,6,753,0,5.824,392,5.824
7460,7,738,0,5.824,448,5.824
7460,8,671,0,5.824,405,5.824
7460,9,752,0,5.824,396,5.824
7461,0,675,0,1.3333333333,393,1.3333333333
7461,1,739,0,1.3333333333,404,1.3333333333
7461,2,763,0,1.3333333333,403,1.3333333333
7461,3,773,0,1.3333333333,399,1.3333333333
7461,4,719,0,1.3333333333,407,1.3333333333
7461,5,715,0,1.3333333333,397,1.3333333333
7461,6,789,0,1.3333333333,510,1.3333333333
7461,7,679,0,1.3333333333,388,1.3333333333
7461,8,769,0,1.3333333333,390,1.3333333333
7461,9,1341,0,1.3333333333,392,1.3333333333
